8/18/2022,22.29,,,14.27,3.5
8/17/2022,20.39,0,0,14.32,0
8/16/2022,20.3,0,0,14.38,4
8/15/2022,20.6,0,0,14.43,4.5
8/14/2022,19.45,0,0,14.48,4.5
8/13/2022,20.14,0,0,14.53,4.5
8/12/2022,18.89,0,0,14.58,3.5
8/11/2022,19.39,0,0,14.65,4.5
8/10/2022,19.3,0.5,0,14.7,4.5
8/9/2022,20,0,0,14.75,3.5
8/8/2022,19.55,0,0,14.8,0.5
8/7/2022,19.6,0,0,14.85,0
8/6/2022,18.75,0,0,14.9,1
8/5/2022,17,0,0,14.95,3
8/4/2022,17.75,0,0,15.02,5
8/3/2022,18.45,5.9,0,15.05,4.5
8/2/2022,20,0,0,15.1,4.5
8/1/2022,20.6,0,0,15.15,4
7/31/2022,23.2,0,0,15.2,1
7/30/2022,23.45,0,0,15.23,0
7/29/2022,23.4,0,0,15.3,0.5
7/28/2022,22.9,0,0,15.33,1
7/27/2022,24.45,0,0,15.37,2
7/26/2022,22.6,0,0,15.43,0.5
7/25/2022,20.39,0,0,15.47,1.5
7/24/2022,18.1,0,0,15.5,3
7/23/2022,16.64,0,0,15.53,4
7/22/2022,17.85,0,0,15.58,4
7/21/2022,19.25,0,0,15.63,3.5
7/20/2022,18.2,0,0,15.67,2
7/19/2022,17.1,0,0,15.7,3
7/18/2022,17.25,0,0,15.73,5
7/17/2022,15.9,1.8,0,15.77,7.5
7/16/2022,18.5,0,0,15.82,7
7/15/2022,17.7,1.3,0,15.85,5.5
7/14/2022,19.39,0,0,15.87,4
7/13/2022,18.25,0,0,15.9,4.5
7/12/2022,18.39,0,0,15.93,2.5
7/11/2022,18.55,0,0,15.97,1
7/10/2022,19,0,0,15.98,4
7/9/2022,17.7,0,0,16.02,5
7/8/2022,18,0,0,16.03,4.5
7/7/2022,19.04,11,0,16.05,6.5
7/6/2022,18.95,1.5,0,16.08,7
7/5/2022,17.35,0,0,16.1,7
7/4/2022,15.1,2.6,0,16.13,7.5
7/3/2022,14.25,9.7,0,16.13,7
7/2/2022,16.39,0,0,16.15,4
7/1/2022,18.45,0,0,16.18,1.5
6/30/2022,16.6,0,0,16.18,4
6/29/2022,17.25,0,0,16.2,6
6/28/2022,17.64,1.3,0,16.2,4
6/27/2022,20.14,0,0,16.22,4
6/26/2022,18.39,0,0,16.22,3
6/25/2022,16.6,0,0,16.23,3
6/24/2022,13.6,0,0,16.23,1.5
6/23/2022,14.55,0,0,16.25,3.5
6/22/2022,15.8,0,0,16.25,5
6/21/2022,15.65,0.2,0,16.25,5.5
6/20/2022,15.14,0,0,16.23,7
6/19/2022,15.25,0,0,16.23,5
6/18/2022,15.15,4.5,0,16.23,6.5
6/17/2022,14.2,0.4,0,16.23,6
6/16/2022,15,0.6,0,16.23,5
6/15/2022,13.8,0.6,0,16.22,7.5
6/14/2022,14.75,0,0,16.2,4.5
6/13/2022,14.7,0,0,16.2,5
6/12/2022,14.55,4.5,0,16.18,6.5
6/11/2022,15.85,0.2,0,16.17,6
6/10/2022,16.95,0.6,0,16.17,5.5
6/9/2022,13.65,26.3,0,16.13,8
6/8/2022,16.25,0.2,0,16.12,6.5
6/7/2022,13.45,0.8,0,16.1,4
6/6/2022,13.3,0,0,16.08,4.5
6/5/2022,16.05,12.5,0,16.07,7
6/4/2022,16.5,8,0,16.03,7
6/3/2022,15.6,9,0,16,7.5
6/2/2022,16.79,0,0,15.98,7.5
6/1/2022,14.25,0,0,15.95,5
5/31/2022,14.4,0,0,15.92,5.5
5/30/2022,12,5.1,0,15.9,7.5
5/29/2022,13.35,0,0,15.87,7
5/28/2022,11.8,0,0,15.83,5.5
5/27/2022,12.85,8,0,15.8,5
5/26/2022,13.25,8.8,0,15.75,6.5
5/25/2022,14.5,0.6,0,15.72,5.5
5/24/2022,12.89,0,0,15.68,4
5/23/2022,14.2,0,0,15.65,4
5/22/2022,13.8,0,0,15.62,4
5/21/2022,11.6,0,0,15.57,1.5
5/20/2022,9.44,0,0,15.53,4
5/19/2022,11.35,0,0,15.5,3.5
5/18/2022,11.85,5.7,0,15.45,6
5/17/2022,10.5,0,0,15.4,6.5
5/16/2022,11.8,1.1,0,15.37,4.5
5/15/2022,12.3,24.3,0,15.32,7.5
5/14/2022,10.6,3.8,0,15.27,7.5
5/13/2022,8.8,1.5,0,15.23,5.5
5/12/2022,8.65,6.6,0,15.17,7.5
5/11/2022,10.65,0.9,0,15.13,7.5
5/10/2022,11.3,0.9,0,15.08,4.5
5/9/2022,10.45,3.5,0,15.03,6.5
5/8/2022,8.75,3.2,0,14.97,5.5
5/7/2022,9.64,0,0,14.93,4
5/6/2022,9.64,0,0,14.88,4
5/5/2022,9.39,11.6,0,14.83,7
5/4/2022,10.1,1.9,0,14.78,8
5/3/2022,10.95,2.3,0,14.72,7.5
5/2/2022,11.85,2.3,0,14.68,5
5/1/2022,10.39,0,0,14.62,4
4/30/2022,11.2,8.9,0,14.57,4
4/29/2022,10.9,0,0,14.52,5.5
4/28/2022,7.45,0,0,14.47,5
4/27/2022,7.65,0,0,14.4,5
4/26/2022,7.85,1,0,14.35,5
4/25/2022,10.55,6.2,0,14.28,6
4/24/2022,11.05,1,0,14.23,5
4/23/2022,9.44,0,0,14.18,4.5
4/22/2022,9.44,0,0,14.12,5
4/21/2022,9.25,9.3,0,14.07,6.5
4/20/2022,8.25,5,0,14,4
4/19/2022,8.4,0,0,13.95,4
4/18/2022,8.65,19.2,0,13.88,8
4/17/2022,7.75,0,0,13.83,4.5
4/16/2022,4.85,0,0,13.77,5
4/15/2022,5.65,4.3,0,13.72,5.5
4/14/2022,4.6,0,0,13.65,5.5
4/13/2022,4.89,0.2,0,13.6,5.5
4/12/2022,5.25,8.6,0,13.53,6
4/11/2022,7.1,0,0,13.48,4.5
4/10/2022,5.94,1.4,0,13.42,6.5
4/9/2022,7.4,0,0,13.37,4.5
4/8/2022,9.3,4.4,0,13.3,5
4/7/2022,9.6,0.2,0,13.25,7
4/6/2022,6.5,0,0,13.18,5
4/5/2022,8.35,0.3,0,13.13,5
4/4/2022,7.85,5.4,0,13.05,6.5
4/3/2022,7.6,16.6,0,13,8
4/2/2022,8.15,0.4,0,12.93,6.5
4/1/2022,7.5,2.2,0,12.88,6
3/31/2022,8.25,0,0,12.82,5
3/30/2022,8.9,0.8,0,12.77,5
3/29/2022,9.65,1.6,0,12.7,4
3/28/2022,8.3,3.9,0,12.65,4.5
3/27/2022,9.94,2,0,12.58,8
3/26/2022,9.9,6,0,12.5,8
3/25/2022,8.65,0,0,12.45,7.5
3/24/2022,5.65,0,0,12.38,5
3/23/2022,8.9,4,0,12.33,5
3/22/2022,9.8,7.9,0,12.27,8
3/21/2022,6.5,21.6,0,12.22,8
3/20/2022,4.35,8.1,0,12.15,5
3/19/2022,7.95,2,0,12.08,4.5
3/18/2022,7.75,4.1,0,12.02,7.5
3/17/2022,6.55,17.5,0,11.97,8
3/16/2022,6.45,0,0,11.9,4.5
3/15/2022,7.7,3.2,0,11.83,5
3/14/2022,7.1,35.9,0,11.78,8
3/13/2022,8.3,8.3,0,11.72,7.5
3/12/2022,7.19,14.1,0,11.67,8
3/11/2022,3.9,3.3,0,11.6,8
3/10/2022,2.35,0,0,11.53,5
3/9/2022,3.25,0,0,11.47,3.5
3/8/2022,7,0.3,0,11.42,4.5
3/7/2022,6.3,0,0,11.35,7
3/6/2022,4.5,0,0,11.28,4
3/5/2022,6.1,0,0,11.23,2.5
3/4/2022,6.65,0,0,11.17,4
3/3/2022,7.25,0.2,0,11.12,5
3/2/2022,8.65,4.7,0,11.05,5.5
3/1/2022,10.05,3.5,0,11,7.5
2/28/2022,7.45,11.3,0,10.93,8
2/27/2022,7.55,19.3,0,10.87,7
2/26/2022,4.05,6.2,0,10.82,6
2/25/2022,0.4,0,0,10.75,4
2/24/2022,-0.6,,2.2,10.68,4
2/23/2022,-2.65,0,0,10.63,4
2/22/2022,-0.2,0,0,10.57,1.5
2/21/2022,3.45,0.9,0,10.53,4
2/20/2022,5.8,0,0,10.47,5
2/19/2022,5.7,3.6,0,10.4,5.5
2/18/2022,5.8,0,0,10.35,6.5
2/17/2022,6.9,0,0,10.28,5.5
2/16/2022,5.45,0,0,10.22,5
2/15/2022,6.1,0,0,10.18,6
2/14/2022,5.85,3.5,0,10.12,5
2/13/2022,4.39,0,0,10.05,4
2/12/2022,3.6,0,0,10,2.5
2/11/2022,5.09,0,0,9.95,4
2/10/2022,5.09,0.2,0,9.88,4
2/9/2022,7.25,0.9,0,9.83,8
2/8/2022,5.45,2.9,0,9.78,6.5
2/7/2022,7.35,0,0,9.72,4.5
2/6/2022,3.5,0,0,9.67,5
2/5/2022,5.7,0,0,9.62,6
2/4/2022,6.19,3.3,0,9.55,5.5
2/3/2022,3.85,7.3,0,9.52,8
2/2/2022,0.09,0.3,0,9.47,6.5
2/1/2022,2.84,0,0,9.4,4
1/31/2022,5.35,0,0,9.37,4
1/30/2022,6.1,14,0,9.3,7
1/29/2022,3.4,6.4,0,9.25,6
1/28/2022,2.9,0,0,9.22,4.5
1/27/2022,2.19,0,0,9.17,4
1/26/2022,2.29,0,0,9.12,7.5
1/25/2022,2.15,0,0,9.07,7.5
1/24/2022,3.25,0,0,9.02,5.5
1/23/2022,2.15,0,0,8.98,7.5
1/22/2022,4.2,0,0,8.93,5.5
1/21/2022,4.9,0,0,8.9,6
1/20/2022,8.89,11,0,8.85,5.5
1/19/2022,8.05,8,0,8.82,8
1/18/2022,6.25,3.1,0,8.77,8
1/17/2022,5.65,1.7,0,8.73,7.5
1/16/2022,5.6,0,0,8.7,5
1/15/2022,5.15,0.2,0,8.67,4.5
1/14/2022,7.45,0,0,8.62,8
1/13/2022,7.5,0.2,0,8.58,4.5
1/12/2022,10.19,29.3,0,8.57,7.5
1/11/2022,8.35,17.7,0,8.52,8
1/10/2022,3.55,4.6,0,8.5,4
1/9/2022,2.6,0,0,8.47,4
1/8/2022,0.64,3,0,8.43,7
1/7/2022,2.95,7.6,0,8.4,4.5
1/6/2022,0.19,6.8,12,8.38,6.5
1/5/2022,-1.29,0,0.9,8.37,5
1/4/2022,2.55,5.6,0.4,8.35,5.5
1/3/2022,3.5,7.6,0,8.32,7
1/2/2022,2.75,4.9,3.7,8.3,8
1/1/2022,-4.2,0,0,8.28,7
12/31/2021,-6.7,0,0,8.27,4.5
12/30/2021,-4.39,,19,8.25,4.5
12/29/2021,-7.9,0,0.2,8.23,4
12/28/2021,-8.6,0,0,8.23,4
12/27/2021,-11.55,0,1,8.22,4
12/26/2021,-8.25,0,4,8.22,4.5
12/25/2021,-2.6,0,2.2,8.2,5
12/24/2021,1.85,5.1,6.9,8.2,4.5
12/23/2021,4.4,2.4,0,8.2,6
12/22/2021,4.9,3.4,0,8.18,7.5
12/21/2021,-2.4,6.5,0,8.2,4
12/20/2021,-1.05,0,0,8.18,3
12/19/2021,1.65,0,0,8.2,2.5
12/18/2021,4.25,31.3,0,8.2,5
12/17/2021,0.05,1.9,0,8.2,5
12/16/2021,3,0.7,0,8.22,4.5
12/15/2021,4.9,0,0,8.23,7.5
12/14/2021,2.55,0.8,0,8.23,4.5
12/13/2021,3.95,8.4,0,8.23,7.5
12/12/2021,3.09,3.9,0,8.25,6.5
12/11/2021,4.85,5.6,0,8.27,5
12/10/2021,2.75,11.3,0,8.28,5.5
12/9/2021,3,0.6,0,8.3,5
12/8/2021,4.35,0,0,8.33,5
12/7/2021,4.75,3.4,0,8.35,8
12/6/2021,1.95,3.8,2.4,8.37,6.5
12/5/2021,0.95,0,0,8.4,4
12/4/2021,3.45,2.7,0,8.43,4
12/3/2021,2.2,0,0,8.45,4
12/2/2021,6.1,0,0,8.48,4
12/1/2021,10.65,1.7,0,8.52,8
11/30/2021,10.25,16.5,0,8.55,8
11/29/2021,11.25,3.1,0,8.57,7.5
11/28/2021,10.55,24.6,0,8.62,7
11/27/2021,9.15,20.2,0,8.65,8
11/26/2021,8.4,2.8,0,8.67,7.5
11/25/2021,6.25,27.3,0,8.72,8
11/24/2021,5,2,0,8.75,5.5
11/23/2021,6.75,0,0,8.8,5
11/22/2021,4.15,0,0,8.83,4.5
11/21/2021,5.7,0,0,8.88,5.5
11/20/2021,5,0,0,8.92,5.5
11/19/2021,4.84,0,0,8.97,4.5
11/18/2021,3.95,6.6,0,9,8
11/17/2021,2.5,0,0,9.05,4.5
11/16/2021,4.45,0,0,9.08,3.5
11/15/2021,8.85,47.8,0,9.13,4
11/14/2021,9,52.5,0,9.18,8
11/13/2021,6.45,19.9,0,9.23,6.5
11/12/2021,9.9,1,0,9.28,4.5
11/11/2021,8,13.3,0,9.32,8
11/10/2021,6.55,0.3,0,9.38,5.5
11/9/2021,9.25,15.2,0,9.43,6.5
11/8/2021,7.35,0.6,0,9.48,6.5
11/7/2021,6.35,6.2,0,9.53,6.5
11/6/2021,6.85,3.8,0,9.58,7.5
11/5/2021,9.14,4.9,0,9.63,6
11/4/2021,10.85,15.7,0,9.7,6
11/3/2021,11.25,10.7,0,9.73,8
11/2/2021,8.25,10.8,0,9.8,5
11/1/2021,4.65,6.6,0,9.85,4
10/31/2021,4.5,0,0,9.9,0
10/30/2021,4.7,0,0,9.97,1
10/29/2021,7.35,0,0,10.02,4
10/28/2021,8.69,18.7,0,10.07,7.5
10/27/2021,10.35,0.3,0,10.13,6
10/26/2021,10.35,4.4,0,10.18,6
10/25/2021,11.95,1.9,0,10.25,7.5
10/24/2021,11.2,3.5,0,10.3,5.5
10/23/2021,10.35,0.6,0,10.35,7.5
10/22/2021,10.6,4.8,0,10.4,4
10/21/2021,14.05,3.8,0,10.47,7
10/20/2021,10.1,7.7,0,10.53,7.5
10/19/2021,8.25,0,0,10.58,5.5
10/18/2021,9.3,0,0,10.65,5.5
10/17/2021,10.95,7.2,0,10.7,5
10/16/2021,12.7,43.3,0,10.77,8
10/15/2021,10.75,30.1,0,10.82,8
10/14/2021,8.6,1.1,0,10.88,8
10/13/2021,7.25,2.7,0,10.95,5.5
10/12/2021,6.1,1.8,0,11,5.5
10/11/2021,7.3,0,0,11.07,4
10/10/2021,10.7,0,0,11.12,4.5
10/9/2021,8.6,11.6,0,11.18,4.5
10/8/2021,9.05,0,0,11.23,4
10/7/2021,9.1,0,0,11.3,4.5
10/6/2021,9.05,0,0,11.35,4.5
10/5/2021,10.7,4.5,0,11.42,5
10/4/2021,11.45,0,0,11.47,7
10/3/2021,12.1,0.4,0,11.53,6
10/2/2021,11.5,0,0,11.6,7.5
10/1/2021,11.3,0,0,11.67,4.5
9/30/2021,13.2,14.1,0,11.72,4.5
9/29/2021,11.6,11.3,0,11.78,8
9/28/2021,14.3,6.8,0,11.83,6.5
9/27/2021,14.2,6.3,0,11.9,5.5
9/26/2021,13.8,21.4,0,11.95,6
9/25/2021,16.25,0,0,12.02,4.5
9/24/2021,13.45,0,0,12.08,4
9/23/2021,14.05,0,0,12.13,4.5
9/22/2021,15.1,1.5,0,12.2,5
9/21/2021,13.05,0,0,12.25,4
9/20/2021,13.7,0,0,12.32,4.5
9/19/2021,13.3,2.2,0,12.37,6.5
9/18/2021,15.3,8.6,0,12.45,6
9/17/2021,12.55,50.9,0,12.5,8
9/16/2021,10.9,0,0,12.57,4
9/15/2021,14.55,0,0,12.62,4
9/14/2021,13.35,11.6,0,12.67,5.5
9/13/2021,14.3,0,0,12.73,4.5
9/12/2021,15.5,0.7,0,12.8,4.5
9/11/2021,15.85,5.3,0,12.87,7.5
9/10/2021,19.25,0,0,12.92,4.5
9/9/2021,20.3,0,0,12.98,4.5
9/8/2021,19.39,0.8,0,13.03,5.5
9/7/2021,16.95,0,0,13.1,4
9/6/2021,17.04,0,0,13.15,4
9/5/2021,17.14,0,0,13.2,4.5
9/4/2021,16.1,13.5,0,13.28,4
9/3/2021,17.64,0,0,13.33,4
9/2/2021,15.7,0,0,13.4,2
9/1/2021,13.8,0,0,13.45,2.5
8/31/2021,15.7,1.8,0,13.52,5.5
8/30/2021,15.8,0,0,13.57,6.5
8/29/2021,16.85,0,0,13.63,3
8/28/2021,15.45,0,0,13.68,4
8/27/2021,17.14,7,0,13.73,4
8/26/2021,16.3,3.1,0,13.8,7
8/25/2021,18.25,0,0,13.85,5
8/24/2021,15.8,0,0,13.92,3
8/23/2021,16.55,0.3,0,13.97,4
8/22/2021,18.64,0,0,14.03,5.5
8/21/2021,18.35,0,0,14.08,5.5
8/20/2021,16.25,1.6,0,14.13,5
8/19/2021,18.39,0,0,14.2,4.5
8/18/2021,16.89,0,0,14.25,4
8/17/2021,17.8,0.2,0,14.32,5
8/16/2021,18.7,0,0,14.35,7
8/15/2021,20.35,0,0,14.42,4.5
8/14/2021,22.4,0,0,14.47,3.5
8/13/2021,22.75,0,0,14.52,0.5
8/12/2021,23.2,0,0,14.58,3.5
8/11/2021,20.75,0,0,14.63,3.5
8/10/2021,19.75,0,0,14.68,4.5
8/9/2021,18.95,0,0,14.73,5.5
8/8/2021,18.75,0.6,0,14.8,4.5
8/7/2021,18.1,22.1,0,14.83,4.5
8/6/2021,20.65,0,0,14.88,7.5
8/5/2021,22.95,0,0,14.95,4
8/4/2021,20.25,0,0,14.98,2
8/3/2021,20.55,0,0,15.03,2
8/2/2021,19.5,0,0,15.08,4
8/1/2021,21.95,0,0,15.13,5.5
7/31/2021,21.85,0,0,15.18,4
7/30/2021,21.65,0,0,15.23,1.5
7/29/2021,20.65,0,0,15.27,1
7/28/2021,20.35,0,0,15.33,3
7/27/2021,19.45,0,0,15.37,3.5
7/26/2021,19.7,0,0,15.4,3
7/25/2021,19.89,0,0,15.45,1
7/24/2021,19.7,0,0,15.5,1
7/23/2021,19.85,0,0,15.53,4.5
7/22/2021,17.25,0,0,15.57,5
7/21/2021,17.54,0,0,15.6,4
7/20/2021,19.35,0,0,15.65,3.5
7/19/2021,20.3,0,0,15.68,2.5
7/18/2021,17.95,0,0,15.73,4
7/17/2021,19.55,0,0,15.75,5
7/16/2021,17.14,0,0,15.78,5.5
7/15/2021,17.14,0,0,15.82,4
7/14/2021,19.14,0,0,15.85,3.5
7/13/2021,19.25,0,0,15.88,2
7/12/2021,18.64,0,0,15.92,3.5
7/11/2021,18.45,0,0,15.95,2
7/10/2021,19.55,0,0,15.97,2.5
7/9/2021,20.1,0,0,16,4
7/8/2021,17.95,0,0,16.03,5.5
7/7/2021,18.35,0,0,16.05,4.5
7/6/2021,18.1,0,0,16.08,3
7/5/2021,19.75,0,0,16.1,4
7/4/2021,20.35,0,0,16.13,3.5
7/3/2021,19.6,0,0,16.13,3.5
7/2/2021,19.6,0,0,16.15,4
7/1/2021,20.6,0,0,16.18,5
6/30/2021,20.95,0,0,16.18,3
6/29/2021,26.4,0,0,16.2,0.5
6/28/2021,26,0,0,16.2,0.5
6/27/2021,25.25,0,0,16.22,0
6/26/2021,24.9,0,0,16.22,0.5
6/25/2021,21.8,0,0,16.23,3.5
6/24/2021,18.95,0,0,16.23,4
6/23/2021,17.7,0,0,16.23,4
6/22/2021,18.85,0,0,16.25,1.5
6/21/2021,19.45,0,0,16.25,4
6/20/2021,18.05,0,0,16.25,4
6/19/2021,16.64,0,0,16.23,4.5
6/18/2021,14.6,0,0,16.23,5
6/17/2021,16.64,0,0,16.23,4
6/16/2021,16.39,0,0,16.23,4.5
6/15/2021,16.5,2.6,0,16.22,5.5
6/14/2021,17.14,1.6,0,16.2,5.5
6/13/2021,16.2,12.5,0,16.2,8
6/12/2021,16.55,0.6,0,16.18,6.5
6/11/2021,13.95,6.3,0,16.17,7.5
6/10/2021,15.7,0,0,16.17,5
6/9/2021,14.35,1.2,0,16.13,4.5
6/8/2021,11.7,0,0,16.12,4.5
6/7/2021,11.95,5.2,0,16.12,4.5
6/6/2021,11.1,5,0,16.08,7
6/5/2021,14.25,0.8,0,16.07,5.5
6/4/2021,14.5,1.4,0,16.03,4
6/3/2021,18.14,0,0,16.02,4.5
6/2/2021,20.5,0,0,15.98,3
6/1/2021,17.6,0,0,15.95,3
5/31/2021,16.55,0,0,15.93,4.5
5/30/2021,14.5,0,0,15.9,4.5
5/29/2021,12.6,0,0,15.87,4
5/28/2021,13.6,0.8,0,15.83,4.5
5/27/2021,12.9,8.2,0,15.8,7
5/26/2021,13.64,0,0,15.78,8
5/25/2021,14.85,0,0,15.75,6.5
5/24/2021,11.95,3.1,0,15.7,7.5
5/23/2021,13.85,0,0,15.67,7.5
5/22/2021,13.1,0,0,15.62,3.5
5/21/2021,12,0,0,15.58,3
5/20/2021,10.5,0,0,15.53,3.5
5/19/2021,10.5,0,0,15.5,4.5
5/18/2021,11.3,5,0,15.47,5
5/17/2021,13.55,7,0,15.42,6
5/16/2021,14.05,0,0,15.37,3.5
5/15/2021,14.9,0,0,15.33,3
5/14/2021,13,0,0,15.28,4
5/13/2021,12.85,0,0,15.23,4
5/12/2021,13.9,3.6,0,15.2,5
5/11/2021,11.3,0,0,15.13,4
5/10/2021,11,0,0,15.1,4
5/9/2021,11.1,0,0,15.03,4.5
5/8/2021,11.2,0,0,15,7
5/7/2021,9.75,0,0,14.93,5
5/6/2021,13.7,0.3,0,14.9,5.5
5/5/2021,10.35,0,0,14.83,4
5/4/2021,11.95,0,0,14.78,4.5
5/3/2021,10.25,2.2,0,14.73,7.5
5/2/2021,10.8,0,0,14.68,4.5
5/1/2021,11.85,0,0,14.62,4.5
4/30/2021,14.2,13.5,0,14.58,7
4/29/2021,13.64,0.3,0,14.52,7.5
4/28/2021,12.2,1.4,0,14.47,7.5
4/27/2021,11.1,0,0,14.4,6.5
4/26/2021,10.1,0,0,14.37,5
4/25/2021,10.05,7.7,0,14.3,7
4/24/2021,9.94,10.9,0,14.25,8
4/23/2021,11.3,0.3,0,14.18,4
4/22/2021,10.85,0,0,14.13,3
4/21/2021,9.69,0,0,14.07,4
4/20/2021,11.15,0,0,14.02,1
4/19/2021,13.05,0,0,13.95,1.5
4/18/2021,11.45,0,0,13.9,1
4/17/2021,11.89,0,0,13.85,0.5
4/16/2021,11.35,0,0,13.8,0.5
4/15/2021,10.55,0,0,13.73,0.5
4/14/2021,7.9,0,0,13.68,0.5
4/13/2021,8.45,0,0,13.62,1
4/12/2021,5.85,0,0,13.55,2
4/11/2021,4.2,0,0,13.48,3.5
4/10/2021,5.69,0,0,13.43,3.5
4/9/2021,5.4,0.9,0,13.37,5.5
4/8/2021,7.4,0,0,13.32,4.5
4/7/2021,6.2,1.8,0,13.25,6.5
4/6/2021,8.3,0,0,13.2,4
4/5/2021,4.55,0,0,13.13,3
4/4/2021,7.8,0,0,13.08,4
4/3/2021,8.55,1.2,0,13.02,7.5
4/2/2021,8.8,0,0,12.97,6
4/1/2021,8.85,0,0,12.9,6
3/31/2021,5.35,0,0,12.82,4
3/30/2021,4.5,0,0,12.77,4
3/29/2021,4.84,0,0,12.7,2.5
3/28/2021,6.6,4.2,0,12.65,4.5
3/27/2021,6.8,0,0,12.58,6.5
3/26/2021,6.5,0,0,12.53,5
3/25/2021,7.4,0,0,12.47,4.5
3/24/2021,6.05,6,0,12.42,7
3/23/2021,5.3,0.4,0,12.35,4
3/22/2021,7.05,0,0,12.28,4
3/21/2021,5.65,5.9,0,12.22,8
3/20/2021,7.55,1.8,0,12.17,8
3/19/2021,8.6,0.9,0,12.1,7.5
3/18/2021,7.7,2.7,0,12.05,6
3/17/2021,5.35,1,0,11.98,6
3/16/2021,3.8,0,0,11.92,4
3/15/2021,3.9,0,0,11.85,2.5
3/14/2021,6.95,1.2,0,11.78,6
3/13/2021,8.19,0,0,11.73,5.5
3/12/2021,6.45,0,0,11.67,5.5
3/11/2021,3,0,0,11.62,4
3/10/2021,4.35,0,0,11.55,4
3/9/2021,7,0,0,11.5,5.5
3/8/2021,5.85,0,0,11.43,7
3/7/2021,6.69,1.5,0,11.37,7
3/6/2021,7.95,0.7,0,11.32,7
3/5/2021,8.8,3.7,0,11.25,6
3/4/2021,6.35,4,0,11.2,6.5
3/3/2021,6.6,0,0,11.13,4
3/2/2021,4.8,0,0,11.08,6
3/1/2021,7.8,0,0,11.02,6
2/28/2021,5.09,3.3,0,10.95,8
2/27/2021,2.4,0.6,0,10.9,4
2/26/2021,5.8,1.6,0,10.83,4
2/25/2021,5.65,4.6,0,10.77,6
2/24/2021,1.9,0,0,10.72,4
2/23/2021,4.45,0.2,0,10.65,4
2/22/2021,8.1,1.5,0,10.6,4
2/21/2021,7.9,1.9,0,10.53,8
2/20/2021,2.9,1.1,0,10.47,4.5
2/19/2021,4.64,1.4,0,10.42,4.5
2/18/2021,3.95,1.7,0,10.35,7.5
2/17/2021,3.25,0,0,10.3,5
2/16/2021,5.65,0.2,0,10.25,4
2/15/2021,2.35,13.4,0,10.18,7.5
2/14/2021,0.05,0.2,3.8,10.12,8
2/13/2021,-1.75,0,8.8,10.07,6
2/12/2021,-3.5,0,0,10.02,4
2/11/2021,-1.8,0,0,9.95,4
2/10/2021,-1.6,0,0,9.9,7.5
2/9/2021,-0.75,0,0,9.85,4.5
2/8/2021,0.7,0,0,9.78,4.5
2/7/2021,5.5,0,0,9.73,4
2/6/2021,6.8,1.9,0,9.68,4
2/5/2021,6.35,1.1,0,9.62,6
2/4/2021,4.9,7.6,0,9.58,7.5
2/3/2021,4.55,0,0,9.52,4
2/2/2021,5.4,13.5,0,9.47,7.5
2/1/2021,6.19,19.2,0,9.42,8
1/31/2021,6.5,7.3,0,9.37,8
1/30/2021,5.8,1.7,0,9.32,8
1/29/2021,4.75,0,0,9.27,7.5
1/28/2021,4.55,1.4,0,9.22,7.5
1/27/2021,3.2,0.4,0,9.18,7.5
1/26/2021,4.4,0,0,9.13,5.5
1/25/2021,3.15,10.7,0,9.07,6
1/24/2021,2.29,9,0,9.03,7.5
1/23/2021,0,0,0,8.98,4
1/22/2021,1.45,0,0,8.95,1.5
1/21/2021,3.84,0.5,0,8.9,4
1/20/2021,5.09,0,0,8.87,7.5
1/19/2021,3.85,0,0,8.82,6.5
1/18/2021,4,0,0,8.78,4
1/17/2021,5.8,0.7,0,8.73,6.5
1/16/2021,5.4,2.5,0,8.72,5
1/15/2021,7.5,2.1,0,8.67,4
1/14/2021,4.95,0,0,8.63,4
1/13/2021,7.75,3.9,0,8.6,4.5
1/12/2021,9.69,22.1,0,8.57,8
1/11/2021,8.94,15.2,0,8.53,8
1/10/2021,6.85,4.4,0,8.5,7.5
1/9/2021,3.2,0,0,8.47,4.5
1/8/2021,4.3,9.3,0,8.45,4.5
1/7/2021,5.6,0,0,8.43,5
1/6/2021,6.7,0.2,0,8.38,4.5
1/5/2021,5.19,29.5,0,8.37,5
1/4/2021,5.75,18.1,0,8.35,5
1/3/2021,5.8,6.4,0,8.32,4.5
1/2/2021,7.85,12.7,0,8.3,7.5
1/1/2021,8.5,17.6,0,8.28,6.5
12/31/2020,6.5,6.8,0,8.27,7.5
12/30/2020,4.75,31.6,0,8.25,7.5
12/29/2020,4,8.2,0,8.23,7
12/28/2020,5.3,0.8,0,8.22,5
12/27/2020,5.19,6.4,0,8.22,7
12/26/2020,6.5,3.7,0,8.22,6.5
12/25/2020,3.7,8.1,0,8.2,8
12/24/2020,0.04,0,0,8.18,4
12/23/2020,1.8,0,0,8.2,4
12/22/2020,2.09,0,0,8.18,3.5
12/21/2020,4.25,31.8,0,8.2,5
12/20/2020,7.25,0,0,8.18,6.5
12/19/2020,6.35,19.6,0,8.2,5
12/18/2020,7.5,19.7,0,8.18,7
12/17/2020,7.25,9.1,0,8.2,6.5
12/16/2020,8.1,7.6,0,8.22,7
12/15/2020,7.5,7.4,0,8.23,7.5
12/14/2020,6.25,1.5,0,8.22,7
12/13/2020,3.15,10.4,0,8.23,7.5
12/12/2020,1.79,0,0,8.25,4
12/11/2020,4,9.2,0,8.27,4
12/10/2020,5.15,0,0,8.28,7.5
12/9/2020,7,0.3,0,8.3,5
12/8/2020,8.4,,,8.32,8
12/7/2020,9.3,,,8.35,7.5
12/6/2020,6.65,,,8.37,7.5
12/5/2020,5.35,,,8.38,4
12/4/2020,5.05,,,8.43,4
12/3/2020,3.34,,,8.45,4.5
12/2/2020,3.05,,,8.47,2
12/1/2020,3.9,,,8.5,1.5
11/30/2020,7.44,3.9,0,8.53,4.5
11/29/2020,3.65,0.2,0,8.57,5
11/28/2020,5.4,0,0,8.6,4.5
11/27/2020,8.65,1.2,0,8.63,6
11/26/2020,6.1,2.4,0,8.67,8
11/25/2020,6.19,1.2,0,8.7,7
11/24/2020,6.8,9.5,0,8.75,5.5
11/23/2020,6.25,9.4,0,8.78,8
11/22/2020,4.5,2.5,0,8.82,8
11/21/2020,5.5,0,0,8.85,5.5
11/20/2020,7.95,2.8,0,8.9,4.5
11/19/2020,6.35,5.3,0,8.93,5
11/18/2020,7.65,16.9,0,8.98,7
11/17/2020,9.65,4.5,0,9.03,6.5
11/16/2020,6.9,20.5,0,9.08,6
11/15/2020,8.15,1.3,0,9.13,5.5
11/14/2020,5.19,5.6,0,9.17,5.5
11/13/2020,6.4,31.7,0,9.22,6
11/12/2020,4.59,22.8,0,9.27,7.5
11/11/2020,2.15,0,0,9.32,5.5
11/10/2020,3.5,3.7,0,9.37,4.5
11/9/2020,1.35,2.1,0,9.42,4
11/8/2020,2.95,0,0,9.47,1.5
11/7/2020,6.4,0,0,9.52,4
11/6/2020,6.65,0,0,9.57,4
11/5/2020,10.05,0,0,9.63,6
11/4/2020,13.45,7.2,0,9.67,5.5
11/3/2020,10.1,34.6,0,9.73,8
11/2/2020,7.8,0,0,9.77,4.5
11/1/2020,6.35,0,0,9.83,2.5
10/31/2020,5.55,0,0,9.9,4
10/30/2020,10,3.6,0,9.95,4
10/29/2020,11.85,0,0,10,7.5
10/28/2020,11.8,0,0,10.07,7
10/27/2020,7.69,0,0,10.12,7.5
10/26/2020,4.55,0.6,0,10.17,6.5
10/25/2020,0.85,0,0,10.22,4
10/24/2020,5.2,0,0,10.28,1
10/23/2020,5.6,12.8,0,10.35,4.5
10/22/2020,7.4,0,0,10.4,5.5
10/21/2020,9.25,0,0,10.47,4
10/20/2020,9.9,0,0,10.52,6
10/19/2020,11.5,0,0,10.57,6.5
10/18/2020,10.15,10.8,0,10.62,8
10/17/2020,11.5,0.5,0,10.68,6.5
10/16/2020,11.8,2.7,0,10.75,6
10/15/2020,8.55,0.3,0,10.8,4.5
10/14/2020,10.5,0,0,10.87,5
10/13/2020,12,13.9,0,10.92,5
10/12/2020,11.25,0,0,10.98,4.5
10/11/2020,9.39,14.4,0,11.03,4.5
10/10/2020,13.55,12,0,11.1,5.5
10/9/2020,14.1,15.7,0,11.15,8
10/8/2020,15.6,0,0,11.22,7.5
10/7/2020,12.3,0,0,11.28,4
10/6/2020,12.85,0,0,11.35,4
10/5/2020,13.2,0,0,11.4,4
10/4/2020,14,0.2,0,11.47,7.5
10/3/2020,14.1,0,0,11.52,4
10/2/2020,14.2,0,0,11.58,2
10/1/2020,14.85,0,0,11.63,5
9/30/2020,15.5,0,0,11.7,3.5
9/29/2020,13.7,0,0,11.75,1.5
9/28/2020,13.35,0,0,11.83,4
9/27/2020,13,0,0,11.88,6
9/26/2020,12.65,2.6,0,11.95,5.5
9/25/2020,15.95,7.8,0,12,5
9/24/2020,15.85,12.8,0,12.07,7
9/23/2020,15.9,29.6,0,12.12,5.5
9/22/2020,16.45,0.8,0,12.18,5.5
9/21/2020,16.25,0,0,12.25,5
9/20/2020,16.64,0,0,12.3,5
9/19/2020,15.95,2.8,0,12.37,6
9/18/2020,16.55,0,0,12.42,5.5
9/17/2020,17.55,0,0,12.48,5
9/16/2020,17.14,0,0,12.53,5
9/15/2020,18.64,1.8,0,12.62,4
9/14/2020,14.25,1,0,12.67,2.5
9/13/2020,13.89,0,0,12.73,3.5
9/12/2020,15.15,0,0,12.78,1.5
9/11/2020,19.2,0,0,12.83,1
9/10/2020,18.25,0,0,12.9,1.5
9/9/2020,16.85,0,0,12.95,0
9/8/2020,16.5,0,0,13.03,1
9/7/2020,18.8,0,0,13.08,4
9/6/2020,17.25,0,0,13.15,5
9/5/2020,17.95,0,0,13.2,4
9/4/2020,17.89,0,0,13.27,4
9/3/2020,16.64,0,0,13.32,2
9/2/2020,17.85,0,0,13.37,4
9/1/2020,18.05,0,0,13.43,5.5
8/31/2020,16.14,0,0,13.48,5.5
8/30/2020,14.55,0,0,13.55,4.5
8/29/2020,16.5,0,0,13.6,4
8/28/2020,17.2,0,0,13.68,3.5
8/27/2020,15.85,0,0,13.73,1.5
8/26/2020,15.75,0,0,13.8,3.5
8/25/2020,15.4,0,0,13.85,4
8/24/2020,16.95,0.3,0,13.9,4
8/23/2020,16.55,0,0,13.97,6
8/22/2020,16,0,0,14.02,4
8/21/2020,19.05,7.6,0,14.07,5.5
8/20/2020,19,6.6,0,14.12,7.5
8/19/2020,19.6,0,0,14.18,4
8/18/2020,20.9,0,0,14.23,3
8/17/2020,23.7,0,0,14.28,2
8/16/2020,21.55,0,0,14.35,3.5
8/15/2020,18.45,0,0,14.4,0.5
8/14/2020,17.1,0,0,14.47,2.5
8/13/2020,15.35,0,0,14.52,3.5
8/12/2020,16.75,0,0,14.57,5
8/11/2020,16.45,0,0,14.62,4
8/10/2020,17.35,0,0,14.67,4
8/9/2020,15.95,0,0,14.73,1
8/8/2020,17.7,1.8,0,14.77,4.5
8/7/2020,16.75,4.6,0,14.83,7
8/6/2020,17.85,25.6,0,14.88,7
8/5/2020,20.7,0,0,14.92,2
8/4/2020,20,0,0,14.98,1
8/3/2020,20.39,0,0,15.02,3
8/2/2020,19.95,0,0,15.08,4
8/1/2020,19.2,0,0,15.12,3
7/31/2020,21.15,0,0,15.17,4.5
7/30/2020,19.55,0,0,15.22,1.5
7/29/2020,18.2,0,0,15.27,1
7/28/2020,19.2,0,0,15.3,4
7/27/2020,20.29,0,0,15.37,1.5
7/26/2020,17.89,0,0,15.4,0.5
7/25/2020,16.3,0,0,15.43,2
7/24/2020,17.35,0,0,15.47,4
7/23/2020,18.2,0,0,15.53,6
7/22/2020,19.95,0,0,15.57,5.5
7/21/2020,21.6,0,0,15.6,4
7/20/2020,20.5,0,0,15.63,1.5
7/19/2020,18.6,0,0,15.68,4
7/18/2020,17.05,0,0,15.72,2
7/17/2020,18.35,0,0,15.75,4.5
7/16/2020,19.7,0,0,15.78,4
7/15/2020,19.05,0,0,15.82,3
7/14/2020,16.14,0,0,15.85,4
7/13/2020,15.25,0,0,15.88,2
7/12/2020,15.7,0,0,15.92,3.5
7/11/2020,15.4,3.2,0,15.93,5
7/10/2020,16.39,0,0,15.97,4
7/9/2020,17.04,4.6,0,16,5
7/8/2020,17.14,0.8,0,16.02,6.5
7/7/2020,16.1,0,0,16.05,7
7/6/2020,16.54,0,0,16.07,4
7/5/2020,15.2,0,0,16.1,2
7/4/2020,15.6,0,0,16.1,5
7/3/2020,13.45,16.2,0,16.13,8
7/2/2020,15.55,1,0,16.15,8
7/1/2020,13.9,1.4,0,16.15,6.5
6/30/2020,16.64,0.6,0,16.18,6
6/29/2020,17.35,0,0,16.2,4
6/28/2020,16.1,0.4,0,16.2,4.5
6/27/2020,16.2,0.4,0,16.22,5.5
6/26/2020,17.5,0.4,0,16.22,4
6/25/2020,17.5,0,0,16.23,4.5
6/24/2020,18.14,4.2,0,16.23,4.5
6/23/2020,17.95,0.8,0,16.23,5.5
6/22/2020,17.05,0,0,16.25,4
6/21/2020,17.64,0,0,16.25,4.5
6/20/2020,18.05,5.2,0,16.25,7
6/19/2020,18.89,0.8,0,16.23,5
6/18/2020,15.25,0,0,16.23,4.5
6/17/2020,15.55,0,0,16.23,4
6/16/2020,14.2,0,0,16.23,5
6/15/2020,12.65,5.4,0,16.23,7
6/14/2020,14.55,0.8,0,16.2,6.5
6/13/2020,13.35,1,0,16.2,7.5
6/12/2020,14.65,13.6,0,16.18,7.5
6/11/2020,17,0,0,16.18,6.5
6/10/2020,16.39,1.8,0,16.17,7.5
6/9/2020,12.45,7.8,0,16.13,8
6/8/2020,15.6,0,0,16.13,6
6/7/2020,13.4,0,0,16.12,5.5
6/6/2020,13.95,5.4,0,16.08,5.5
6/5/2020,13.7,0,0,16.07,6.5
6/4/2020,15.1,0.2,0,16.03,5.5
6/3/2020,13.15,0,0,16.02,6.5
6/2/2020,12.89,4.4,0,15.98,5
6/1/2020,12.85,0,0,15.97,5
5/31/2020,13.75,0,0,15.93,5
5/30/2020,13.64,5,0,15.9,7
5/29/2020,16.14,0,0,15.87,4.5
5/28/2020,17.05,0,0,15.85,4.5
5/27/2020,13.6,0,0,15.82,3.5
5/26/2020,14.55,0.4,0,15.78,4
5/25/2020,15,9.2,0,15.75,6.5
5/24/2020,14.35,0.8,0,15.72,8
5/23/2020,13.8,2,0,15.67,7.5
5/22/2020,13.9,0,0,15.63,5
5/21/2020,13.05,0.2,0,15.6,5.5
5/20/2020,13.39,0,0,15.55,5.5
5/19/2020,14.1,0,0,15.5,4
5/18/2020,13.05,0,0,15.47,4
5/17/2020,14,5.4,0,15.43,4
5/16/2020,13.85,3.4,0,15.38,6
5/15/2020,13.6,0,0,15.33,3
5/14/2020,13.75,0.6,0,15.3,4
5/13/2020,14.4,1.2,0,15.25,4.5
5/12/2020,15.05,15.4,0,15.2,7.5
5/11/2020,16.8,0.4,0,15.15,6
5/10/2020,16.2,0,0,15.1,4
5/9/2020,14.8,0,0,15.07,4
5/8/2020,13.2,0,0,15,1
5/7/2020,10.15,0,0,14.97,1.5
5/6/2020,13.1,1.8,0,14.9,4
5/5/2020,11.4,1.2,0,14.85,5
5/4/2020,9.6,0.6,0,14.8,4
5/3/2020,10.19,0.2,0,14.75,5
5/2/2020,12.05,6.8,0,14.7,5
5/1/2020,12.25,1.4,0,14.65,6
4/30/2020,12.25,0,0,14.58,5.5
4/29/2020,10.1,3.2,0,14.53,6
4/28/2020,10.14,0.4,0,14.48,5.5
4/27/2020,12.2,1.4,0,14.43,5
4/26/2020,10,2,0,14.37,4.5
4/25/2020,13.5,3.6,0,14.32,4.5
4/24/2020,10.7,0.6,0,14.25,4.5
4/23/2020,11.05,0,0,14.2,4.5
4/22/2020,9.8,8.4,0,14.15,5
4/21/2020,10.7,0,0,14.1,4.5
4/20/2020,10.7,0,0,14.03,4
4/19/2020,12.8,0,0,13.98,4
4/18/2020,12.95,0.8,0,13.92,4.5
4/17/2020,10.85,0,0,13.87,4
4/16/2020,10.1,0,0,13.8,1
4/15/2020,9.8,0,0,13.75,2
4/14/2020,9.35,0,0,13.68,4.5
4/13/2020,7.6,0,0,13.63,4.5
4/12/2020,7.2,0,0,13.57,1
4/11/2020,10.1,0,0,13.52,4
4/10/2020,9.25,0,0,13.45,4
4/9/2020,7.7,0,0,13.4,2
4/8/2020,7,0,0,13.33,3
4/7/2020,7.3,0,0,13.27,4
4/6/2020,5.8,0,0,13.22,4
4/5/2020,6.75,0,0,13.15,4
4/4/2020,6,0.8,0,13.08,6
4/3/2020,6.05,0,0,13.02,5.5
4/2/2020,5.8,0,0,12.97,6
4/1/2020,5.3,1.6,0,12.9,5
3/31/2020,6.15,0,0,12.85,6.5
3/30/2020,7.05,5,0,12.78,5.5
3/29/2020,10.25,0.4,0,12.73,6.5
3/28/2020,8.64,4.8,0,12.67,8
3/27/2020,7.19,5.6,0,12.62,8
3/26/2020,6.4,2,0,12.53,7
3/25/2020,5.9,0,0,12.48,4
3/24/2020,5.45,0.2,0,12.42,5.5
3/23/2020,7.19,1.4,0,12.37,7
3/22/2020,6.65,0,0,12.3,4.5
3/21/2020,5.6,0,0,12.25,1.5
3/20/2020,6.35,0,0,12.18,2
3/19/2020,6.5,0,0,12.12,3
3/18/2020,5.05,0,0,12.05,1
3/17/2020,3.85,0,0,11.98,4
3/16/2020,3.35,0,0,11.93,0.5
3/15/2020,1.04,0,0,11.87,0
3/14/2020,2.75,0,0,11.82,4
3/13/2020,4.94,0,0,11.75,7.5
3/12/2020,4.7,0,0,11.7,4
3/11/2020,6.75,0,0,11.63,4
3/10/2020,4.9,2,0,11.55,6.5
3/9/2020,1.74,0,0,11.5,3.5
3/8/2020,2.8,0,0,11.43,3
3/7/2020,3.5,0,0,11.38,5
3/6/2020,4.84,0,0,11.32,4
3/5/2020,6.75,2.4,0,11.27,7.5
3/4/2020,7.15,0,0,11.2,5
3/3/2020,5.3,1.4,0,11.13,6
3/2/2020,4.75,14.8,0,11.08,7
3/1/2020,3.3,0.8,0,11.02,4.5
2/29/2020,6.44,1.2,0,10.97,4
2/28/2020,6.4,4,0,10.9,7.5
2/27/2020,7.7,4.4,0,10.83,7.5
2/26/2020,6.3,1.8,0,10.78,6.5
2/25/2020,5.15,1,0,10.72,7.5
2/24/2020,5.9,1.2,0,10.67,6.5
2/23/2020,6.45,9.8,0,10.6,5
2/22/2020,6.15,8.2,0,10.53,6.5
2/21/2020,4.65,0,0,10.5,4
2/20/2020,2.54,0,0,10.43,1
2/19/2020,2,0,0,10.37,0.5
2/18/2020,2.19,0,0,10.32,2
2/17/2020,3.25,0,0,10.25,4.5
2/16/2020,5.7,0,0,10.18,4
2/15/2020,5.05,9.2,0,10.15,5
2/14/2020,5.05,1.4,0,10.08,4.5
2/13/2020,6.8,1.4,0,10.02,6.5
2/12/2020,6.35,0.8,0,9.97,7.5
2/11/2020,5.9,0,0,9.92,7
2/10/2020,3.7,0,0,9.85,5.5
2/9/2020,1.94,0,0,9.8,4
2/8/2020,5.2,0.2,0,9.75,4
2/7/2020,5.65,3.6,0,9.68,5.5
2/6/2020,4.34,8.6,0,9.65,7.5
2/5/2020,2.7,14,0,9.58,8
2/4/2020,0.5,2.2,10.8,9.53,7
2/3/2020,2.19,0,0,9.48,4.5
2/2/2020,2.4,1.8,0,9.43,4
2/1/2020,7.05,5.8,0,9.37,4
1/31/2020,9.44,34.8,0,9.33,8
1/30/2020,6.35,6.4,0,9.28,5
1/29/2020,8.35,6.6,0,9.23,4.5
1/28/2020,7.25,1.6,0,9.18,6
1/27/2020,7,4.6,0,9.13,5
1/26/2020,8.55,4.2,0,9.1,6.5
1/25/2020,7.65,5,0,9.05,7.5
1/24/2020,8.19,9.2,0,9,5.5
1/23/2020,8.19,28.6,0,8.95,8
1/22/2020,6.44,9.8,0,8.9,7
1/21/2020,7.15,8.4,0,8.87,6.5
1/20/2020,7.05,5.8,0,8.82,7.5
1/19/2020,6.65,4.6,0,8.8,8
1/18/2020,3.35,9.2,0,8.75,8
1/17/2020,-0.75,0,0,8.72,4.5
1/16/2020,-1,0.2,0.2,8.67,4.5
1/15/2020,-3.7,0,15,8.63,5.5
1/14/2020,-7.1,0,4.8,8.62,6
1/13/2020,-4.3,0,1.6,8.57,7.5
1/12/2020,0.95,8,4.4,8.53,6.5
1/11/2020,4.59,9.4,0,8.52,7
1/10/2020,2.4,10.8,8.6,8.47,4.5
1/9/2020,1.7,0,0,8.45,4.5
1/8/2020,3.85,0,0,8.43,4.5
1/7/2020,7.25,17,0,8.4,8
1/6/2020,4.25,13.2,0,8.37,8
1/5/2020,6,0.8,0,8.35,5.5
1/4/2020,6.65,2.8,0,8.33,5
1/3/2020,8.15,16.2,0,8.3,7.5
1/2/2020,4.45,8,0,8.28,5.5
1/1/2020,7.8,0.8,0,8.27,5
12/31/2019,8.4,21.2,0,8.25,5.5
12/30/2019,7.45,5.8,0,8.23,7.5
12/29/2019,7.05,2.4,0,8.22,7.5
12/28/2019,5.3,3,0,8.23,8
12/27/2019,3.7,0.6,0,8.22,7.5
12/26/2019,1.6,0.8,0,8.2,4.5
12/25/2019,3.2,0,0,8.18,4.5
12/24/2019,4.15,2.8,0,8.2,7.5
12/23/2019,3.35,0,0,8.18,4.5
12/22/2019,4.7,0,0,8.2,5.5
12/21/2019,5.4,5.6,0,8.18,7.5
12/20/2019,6.95,14.6,0,8.2,8
12/19/2019,5.85,21,0,8.18,7.5
12/18/2019,7.3,8.6,0,8.2,8
12/17/2019,6.15,4.4,0,8.22,7
12/16/2019,4.34,3.6,0,8.22,7.5
12/15/2019,3.7,0,0,8.22,5.5
12/14/2019,5.55,3.8,0,8.23,7.5
12/13/2019,5.94,1.8,0,8.25,7
12/12/2019,6.5,17.4,0,8.27,7
12/11/2019,7.44,9.8,0,8.28,7.5
12/10/2019,3.05,3,0,8.3,6
12/9/2019,4.75,0,0,8.32,6
12/8/2019,6.75,0,0,8.35,4.5
12/7/2019,8.44,4.4,0,8.37,8
12/6/2019,7.05,7.4,0,8.38,7.5
12/5/2019,4.09,0,0,8.4,4.5
12/4/2019,7.55,4.8,0,8.43,6
12/3/2019,6.9,1.4,0,8.47,7.5
12/2/2019,3.55,9.6,0,8.5,7.5
12/1/2019,-0.29,6.4,0,8.52,5
11/30/2019,-0.5,0,0,8.57,3.5
11/29/2019,-0.35,0,0,8.58,0.5
11/28/2019,0.79,0,0,8.62,0.5
11/27/2019,4.14,0,0,8.67,4
11/26/2019,3.75,4.8,0,8.7,4
11/25/2019,4.9,3.8,0,8.73,4
11/24/2019,7.2,0,0,8.77,4
11/23/2019,7.5,1.2,0,8.8,7.5
11/22/2019,3.05,0,0,8.85,4
11/21/2019,3.7,0,0,8.88,2.5
11/20/2019,4.35,0,0,8.93,1.5
11/19/2019,6.9,2,0,8.97,4
11/18/2019,9.35,11.8,0,9.02,7.5
11/17/2019,10.15,18.6,0,9.07,5.5
11/16/2019,8,8.4,0,9.12,7
11/15/2019,9.19,9.2,0,9.17,5.5
11/14/2019,7.8,0,0,9.2,7
11/13/2019,7.8,0.2,0,9.25,5
11/12/2019,8.69,17.1,0,9.32,4.5
11/11/2019,6,0.4,0,9.35,7.5
11/10/2019,7.6,0,0,9.42,5
11/9/2019,9.25,8.2,0,9.45,7.5
11/8/2019,7.2,0,0,9.5,5
11/7/2019,5.95,0,0,9.57,5.5
11/6/2019,5.75,0,0,9.6,4
11/5/2019,6.7,0,0,9.67,4.5
11/4/2019,5.55,0,0,9.72,4.5
11/3/2019,4.95,0,0,9.77,4.5
11/2/2019,4.95,0,0,9.83,4
11/1/2019,4.75,0,0,9.87,4
10/31/2019,5.25,0,0,9.93,4.5
10/30/2019,3.55,0,0,10,4
10/29/2019,5.3,0,0,10.05,3.5
10/28/2019,5.5,0,0,10.1,4
10/27/2019,5.15,0,0,10.15,2.5
10/26/2019,7.15,0,0,10.22,2.5
10/25/2019,10.4,3.6,0,10.28,4
10/24/2019,10.3,1,0,10.32,7.5
10/23/2019,7.4,0,0,10.38,4.5
10/22/2019,10.6,0,0,10.43,4.5
10/21/2019,8.9,39.4,0,10.5,8
10/20/2019,8,12.6,0,10.55,7.5
10/19/2019,9.25,6.6,0,10.62,4.5
10/18/2019,9.75,5,0,10.68,5.5
10/17/2019,11.25,9.2,0,10.73,5.5
10/16/2019,10.7,14,0,10.8,5
10/15/2019,9.14,6.6,0,10.85,8
10/14/2019,9.3,0,0,10.92,5.5
10/13/2019,9.75,0.2,0,10.97,4.5
10/12/2019,8.85,0.8,0,11.03,5.5
10/11/2019,6.8,0,0,11.08,4
10/10/2019,4.75,0,0,11.15,4
10/9/2019,5.5,0,0,11.22,1.5
10/8/2019,7.3,0,0,11.27,5
10/7/2019,13.05,16.6,0,11.33,4.5
10/6/2019,9.1,0,0,11.38,4.5
10/5/2019,10.65,0,0,11.45,4.5
10/4/2019,11,3.8,0,11.5,7.5
10/3/2019,13.2,1.6,0,11.58,5.5
10/2/2019,11.25,1.6,0,11.63,7
10/1/2019,9.85,0,0,11.7,4
9/30/2019,9.15,0,0,11.75,3.5
9/29/2019,12.1,0,0,11.8,6.5
9/28/2019,12.3,0,0,11.87,5
9/27/2019,10.75,0.8,0,11.92,4
9/26/2019,14.9,7.2,0,11.98,4.5
9/25/2019,13.25,0.4,0,12.05,4.5
9/24/2019,14.89,0.8,0,12.12,5.5
9/23/2019,12.85,6.2,0,12.17,7.5
9/22/2019,15,30.4,0,12.23,5
9/21/2019,16.1,2.8,0,12.28,7
9/20/2019,15.85,0.6,0,12.35,5
9/19/2019,12.5,1.2,0,12.4,5
9/18/2019,14.85,7.2,0,12.47,4
9/17/2019,14.25,13.8,0,12.53,8
9/16/2019,15.3,0.4,0,12.58,6.5
9/15/2019,15.45,2,0,12.65,5.5
9/14/2019,15.25,9,0,12.7,8
9/13/2019,16.8,7,0,12.77,5.5
9/12/2019,16.89,22,0,12.83,5
9/11/2019,16.35,0,0,12.9,5
9/10/2019,17.45,0.2,0,12.95,5.5
9/9/2019,16.95,1.2,0,13,6
9/8/2019,16.6,9,0,13.07,7
9/7/2019,17.55,0,0,13.12,5
9/6/2019,20.6,0,0,13.18,2.5
9/5/2019,16.85,0,0,13.25,3.5
9/4/2019,17.79,0,0,13.32,3
9/3/2019,19.6,0,0,13.37,4.5
9/2/2019,18.1,0,0,13.43,1.5
9/1/2019,19.7,0,0,13.48,4
8/31/2019,20.5,1,0,13.53,6.5
8/30/2019,19.64,0,0,13.6,7.5
8/29/2019,19.45,0,0,13.65,4
8/28/2019,18.2,0,0,13.72,3.5
8/27/2019,17.89,0,0,13.77,3
8/26/2019,15.6,0,0,13.83,1.5
8/25/2019,17.1,0,0,13.88,4
8/24/2019,17.14,0,0,13.93,5.5
8/23/2019,16.75,1,0,14,5.5
8/22/2019,17.64,0,0,14.05,5
8/21/2019,17.75,12.4,0,14.12,6
8/20/2019,18.45,0,0,14.17,4.5
8/19/2019,18.39,0,0,14.23,4
8/18/2019,18.3,0,0,14.28,4
8/17/2019,19.35,0,0,14.35,5
8/16/2019,18.14,0,0,14.38,4.5
8/15/2019,19.04,0,0,14.43,2
8/14/2019,19.14,0,0,14.5,3.5
8/13/2019,17.85,0,0,14.55,5
8/12/2019,18.64,0,0,14.62,4.5
8/11/2019,18,3,0,14.65,7
8/10/2019,18,3.2,0,14.7,7.5
8/9/2019,19.39,0,0,14.77,6
8/8/2019,18.85,0,0,14.82,3.5
8/7/2019,19.85,0,0,14.87,1
8/6/2019,19.3,0,0,14.92,0.5
8/5/2019,19.14,0,0,14.95,0.5
8/4/2019,19.5,0,0,15.02,0.5
8/3/2019,18.7,0,0,15.07,1
8/2/2019,21.04,5.2,0,15.12,4
8/1/2019,20.5,0,0,15.17,6
7/31/2019,20.39,0,0,15.2,5
7/30/2019,19.25,0,0,15.27,7
7/29/2019,18.6,0,0,15.3,4
7/28/2019,17.89,0,0,15.33,2
7/27/2019,20.04,2.4,0,15.4,4.5
7/26/2019,21.8,0,0,15.43,4
7/25/2019,19.2,0,0,15.47,4
7/24/2019,18.8,0,0,15.5,4
7/23/2019,18.85,0,0,15.57,4.5
7/22/2019,20.39,0,0,15.6,4
7/21/2019,20.05,0,0,15.63,2.5
7/20/2019,16.6,0,0,15.67,3
7/19/2019,16.64,0,0,15.7,2.5
7/18/2019,18.14,0,0,15.75,4.5
7/17/2019,18.6,6.8,0,15.78,4.5
7/16/2019,19.35,0,0,15.82,4
7/15/2019,18.85,0,0,15.85,4
7/14/2019,18.75,0.4,0,15.88,6
7/13/2019,20,0,0,15.9,5
7/12/2019,18.2,0,0,15.93,4
7/11/2019,18.75,0,0,15.97,4
7/10/2019,18.95,14.4,0,16,5
7/9/2019,18.05,0.8,0,16.02,4
7/8/2019,16.25,0,0,16.05,4.5
7/7/2019,16.2,2.6,0,16.07,6
7/6/2019,16.35,0.2,0,16.08,5.5
7/5/2019,15.8,0.4,0,16.1,8
7/4/2019,17.14,0,0,16.13,6.5
7/3/2019,17.95,0,0,16.15,7
7/2/2019,16.85,2.8,0,16.15,5.5
7/1/2019,18.5,0,0,16.18,4
6/30/2019,16.3,0,0,16.2,2.5
6/29/2019,17.55,0,0,16.2,4.5
6/28/2019,16.25,0.6,0,16.22,7.5
6/27/2019,16.75,15.4,0,16.22,7
6/26/2019,17.39,0,0,16.23,5
6/25/2019,15.95,0,0,16.23,4.5
6/24/2019,16,0.6,0,16.23,6
6/23/2019,15.45,0,0,16.25,5.5
6/22/2019,16.35,0,0,16.25,4.5
6/21/2019,16.6,0,0,16.25,4.5
6/20/2019,15.15,0.2,0,16.23,5.5
6/19/2019,16.2,0,0,16.23,5
6/18/2019,18.14,0,0,16.23,5.5
6/17/2019,18.1,0,0,16.23,4
6/16/2019,17.1,0,0,16.23,4
6/15/2019,16.89,0,0,16.2,4.5
6/14/2019,16.25,0,0,16.2,4
6/13/2019,19.89,0,0,16.18,4
6/12/2019,22.1,0,0,16.18,4.5
6/11/2019,17.39,0,0,16.17,3
6/10/2019,16.89,0,0,16.15,5
6/9/2019,15,0,0,16.13,4.5
6/8/2019,14.65,0,0,16.12,5
6/7/2019,13.45,8.8,0,16.08,5.5
6/6/2019,12.89,0,0,16.07,4.5
6/5/2019,14.75,0.6,0,16.03,4.5
6/4/2019,14.7,0,0,16.03,4.5
6/3/2019,15.8,0,0,16,4
6/2/2019,19,0,0,15.98,4
6/1/2019,16.14,0,0,15.95,4
5/31/2019,16.75,0,0,15.92,3
5/30/2019,15.55,0,0,15.9,4
5/29/2019,15.25,0,0,15.85,4
5/28/2019,15.95,0,0,15.82,4
5/27/2019,17.85,0,0,15.78,3.5
5/26/2019,14.1,0,0,15.75,4.5
5/25/2019,12.64,8.6,0,15.72,4.5
5/24/2019,14.2,2,0,15.68,6.5
5/23/2019,14.64,0,0,15.63,4
5/22/2019,14.45,0,0,15.6,4
5/21/2019,14.2,1.6,0,15.57,4.5
5/20/2019,12.7,7,0,15.53,5.5
5/19/2019,15.2,0,0,15.47,5
5/18/2019,14.8,0,0,15.43,5.5
5/17/2019,14.05,0,0,15.4,5
5/16/2019,14.65,0.2,0,15.35,8
5/15/2019,14.1,1.6,0,15.3,6.5
5/14/2019,12.8,9.4,0,15.27,7.5
5/13/2019,12.5,0,0,15.2,5
5/12/2019,13.9,0,0,15.17,4
5/11/2019,16.1,0,0,15.12,4
5/10/2019,16.29,0,0,15.07,1
5/9/2019,15.64,0,0,15.02,4
5/8/2019,14.25,0,0,14.97,4
5/7/2019,13.9,0,0,14.92,4.5
5/6/2019,13,0,0,14.87,4
5/5/2019,11.3,0,0,14.82,4
5/4/2019,10.85,0,0,14.77,4
5/3/2019,12.1,0,0,14.72,5.5
5/2/2019,12.1,0,0,14.65,6
5/1/2019,12.25,0,0,14.62,5.5
4/30/2019,9.69,0,0,14.55,4
4/29/2019,9.05,0,0,14.5,3
4/28/2019,8.25,0,0,14.43,2.5
4/27/2019,9.44,0,0,14.38,2
4/26/2019,10.4,0,0,14.33,4
4/25/2019,6.9,0,0,14.28,4
4/24/2019,9.39,0,0,14.22,3.5
4/23/2019,11.85,0,0,14.17,4.5
4/22/2019,10,12.8,0,14.1,8
4/21/2019,10.55,0,0,14.05,4
4/20/2019,10.7,0,0,13.98,4.5
4/19/2019,11.6,1.6,0,13.93,4.5
4/18/2019,10.6,27,0,13.87,8
4/17/2019,11.45,1.6,0,13.8,7.5
4/16/2019,6.95,0.4,0,13.77,4.5
4/15/2019,7.25,0,0,13.7,5
4/14/2019,7.2,0,0,13.63,5.5
4/13/2019,9,10,0,13.57,5.5
4/12/2019,7.5,0,0,13.52,5
4/11/2019,7.8,13,0,13.45,7
4/10/2019,9.19,6.2,0,13.4,5.5
4/9/2019,10.25,0.6,0,13.33,5
4/8/2019,7.8,3,0,13.28,4.5
4/7/2019,10.45,4.2,0,13.22,4.5
4/6/2019,9.44,4.8,0,13.17,5.5
4/5/2019,11.25,5.6,0,13.1,6
4/4/2019,10.85,0.4,0,13.05,7
4/3/2019,11.85,19.6,0,12.98,7
4/2/2019,9.25,0,0,12.93,6
4/1/2019,9.05,0,0,12.87,3.5
3/31/2019,8.8,0,0,12.8,2.5
3/30/2019,8.85,0,0,12.73,1.5
3/29/2019,8.85,0,0,12.68,3
3/28/2019,10.25,0,0,12.62,5
3/27/2019,6.2,0,0,12.57,3.5
3/26/2019,9.94,2.4,0,12.5,4
3/25/2019,7.65,5,0,12.43,5
3/24/2019,6.69,0,0,12.38,4.5
3/23/2019,9.25,0,0,12.3,4.5
3/22/2019,12.85,0.8,0,12.25,5.5
3/21/2019,9.9,0,0,12.18,4
3/20/2019,7.75,0,0,12.13,3.5
3/19/2019,9.15,0,0,12.07,0.5
3/18/2019,7.6,0,0,12.02,1
3/17/2019,6.65,0,0,11.95,2.5
3/16/2019,6.65,0,0,11.88,5
3/15/2019,8.15,0.6,0,11.82,5.5
3/14/2019,6.65,3,0,11.77,8
3/13/2019,6.3,0,0,11.7,6.5
3/12/2019,5.09,3.8,0,11.63,4.5
3/11/2019,4.65,13.2,0,11.58,7.5
3/10/2019,2.2,0,0,11.52,4
3/9/2019,1.35,0,0,11.47,2.5
3/8/2019,3.05,0,0,11.4,4
3/7/2019,2.5,1.2,0,11.35,4.5
3/6/2019,-0.1,1.2,0,11.28,4.5
3/5/2019,1.85,0,0,11.22,4
3/4/2019,0.5,0,0,11.17,2
3/3/2019,2.54,0,0,11.1,4.5
3/2/2019,1.15,0,0,11.03,2
3/1/2019,0.89,0,0,10.97,4.5
2/28/2019,3.05,0,0,10.92,4
2/27/2019,0.55,0,0,10.87,4
2/26/2019,-0.25,0,0,10.8,1
2/25/2019,0.25,0,0,10.75,0.5
2/24/2019,2.54,0,0,10.68,4
2/23/2019,3.95,1.8,0,10.62,5
2/22/2019,3.4,5,1,10.57,5.5
2/21/2019,1.35,0,0,10.5,4
2/20/2019,2.95,0,0,10.43,4
2/19/2019,1.6,2,0,10.38,7.5
2/18/2019,0.9,0,0,10.32,5
2/17/2019,2.75,0,0,10.27,5
2/16/2019,2.4,0.2,0,10.22,5.5
2/15/2019,2.29,13.4,0,10.15,8
2/14/2019,-3.1,0,4,10.08,4
2/13/2019,-1.24,0,2.4,10.05,4
2/12/2019,-2.05,0,7.4,9.98,5.5
2/11/2019,-4.15,0,5.6,9.92,6
2/10/2019,-5.15,0,10,9.87,4
2/9/2019,-0.35,0,0,9.82,4
2/8/2019,-0.85,0,0.2,9.75,7.5
2/7/2019,-1.95,0,0,9.72,4.5
2/6/2019,-2.84,0,0,9.65,4
2/5/2019,-3.84,0,0,9.6,2
2/4/2019,-2.75,0,1.4,9.55,4
2/3/2019,0.1,0.2,0.2,9.5,7
2/2/2019,4.9,0,0,9.43,5
2/1/2019,7,20.8,0,9.4,5.5
1/31/2019,6,1.6,0,9.33,7.5
1/30/2019,2.75,0,0,9.3,6.5
1/29/2019,2.25,0,0,9.25,4
1/28/2019,2.8,0,0,9.18,4
1/27/2019,4.15,0.6,0,9.15,4
1/26/2019,6,0,0,9.1,5.5
1/25/2019,5.75,0,0,9.07,8
1/24/2019,6.05,0,0,9.02,8
1/23/2019,5.65,6.4,0,8.97,5.5
1/22/2019,4.59,20,0,8.93,8
1/21/2019,2.7,0,0,8.88,5.5
1/20/2019,4.59,0,0,8.85,4.5
1/19/2019,6.9,2,0,8.8,4.5
1/18/2019,8.3,7.4,0,8.77,8
1/17/2019,5.25,12.2,0,8.72,7
1/16/2019,2.7,0,0,8.68,4.5
1/15/2019,1.65,0,0,8.65,4
1/14/2019,1.5,0,0,8.62,1
1/13/2019,4.75,0,0,8.58,3.5
1/12/2019,5.55,0,0,8.55,4
1/11/2019,6.85,0,0,8.52,5
1/10/2019,9.64,3.6,0,8.5,6
1/9/2019,7.15,6.8,0,8.45,8
1/8/2019,2.25,2.4,0,8.43,4.5
1/7/2019,3.15,0,0,8.4,4
1/6/2019,5.6,6.8,0,8.38,7
1/5/2019,7,3.2,0,8.37,8
1/4/2019,8.25,9.6,0,8.33,5
1/3/2019,7,54.8,0,8.3,8
1/2/2019,3.95,3.4,0,8.28,7.5
1/1/2019,3.05,0,0,8.27,7
12/31/2018,1.2,0,0,8.25,4
12/30/2018,4.5,0,0,8.25,3.5
12/29/2018,7.65,10,0,8.23,4.5
12/28/2018,3.3,35.6,0,8.23,8
12/27/2018,3.2,0,0,8.22,4.5
12/26/2018,3.5,3.8,0,8.2,7.5
12/25/2018,3.3,0,0,8.2,6
12/24/2018,5.6,0,0,8.2,6.5
12/23/2018,6.6,10.8,0,8.18,7.5
12/22/2018,4.95,4.8,0,8.2,8
12/21/2018,4.75,3,0,8.18,4.5
12/20/2018,8.6,16.8,0,8.2,6
12/19/2018,7.5,0.2,0,8.2,7.5
12/18/2018,8.55,9.4,0,8.2,7
12/17/2018,8.6,8.8,0,8.2,7.5
12/16/2018,7.9,9.6,0,8.22,6.5
12/15/2018,5.65,0.6,0,8.22,5.5
12/14/2018,8.9,5,0,8.23,5.5
12/13/2018,7.25,67,0,8.25,8
12/12/2018,5.25,3.8,0,8.27,4
12/11/2018,7.95,37.8,0,8.28,5.5
12/10/2018,7.55,2.8,0,8.28,6.5
12/9/2018,4.95,18.8,0,8.32,7.5
12/8/2018,3.5,3.2,0,8.35,7.5
12/7/2018,-0.55,0,0,8.37,4
12/6/2018,-0.2,0,0,8.38,3.5
12/5/2018,0.44,0,0,8.4,0.5
12/4/2018,-0.05,0,0,8.43,4
12/3/2018,1.95,0,0,8.45,3.5
12/2/2018,2.95,0,0,8.5,3
12/1/2018,5.4,3,0,8.52,6
11/30/2018,7.6,2.8,0,8.55,7.5
11/29/2018,7.05,2.2,0,8.58,7.5
11/28/2018,8.69,2.6,0,8.62,6.5
11/27/2018,11.6,16.6,0,8.65,6
11/26/2018,9.15,46.4,0,8.68,8
11/25/2018,6.65,4.4,0,8.72,6.5
11/24/2018,6.7,0.6,0,8.77,7.5
11/23/2018,7.45,7.6,0,8.8,6.5
11/22/2018,8.55,18.4,0,8.85,6.5
11/21/2018,8.39,11.8,0,8.88,8
11/20/2018,4.65,0,0,8.93,4
11/19/2018,3.64,0,0,8.97,2
11/18/2018,2.85,0,0,9.02,3
11/17/2018,4.05,0,0,9.05,1.5
11/16/2018,7.35,0,0,9.1,4
11/15/2018,9.3,4.4,0,9.15,8
11/14/2018,10.7,19.4,0,9.2,6
11/13/2018,6.3,5.6,0,9.25,5.5
11/12/2018,4.65,0,0,9.28,4
11/11/2018,4,0,0,9.35,4
11/10/2018,5.94,0,0,9.38,4
11/9/2018,5.25,6.6,0,9.45,8
11/8/2018,5.75,0,0,9.5,6.5
11/7/2018,6.19,0,0,9.55,3.5
11/6/2018,8.75,0,0,9.6,4.5
11/5/2018,9.15,0.6,0,9.65,5
11/4/2018,10.45,4,0,9.7,5
11/3/2018,10.75,15.6,0,9.77,8
11/2/2018,11.9,6.6,0,9.8,5.5
11/1/2018,12.55,27.6,0,9.87,8
10/31/2018,10.05,16.6,0,9.93,8
10/30/2018,9.85,8.6,0,9.97,6.5
10/29/2018,9.05,11.8,0,10.03,5
10/28/2018,11.45,24.6,0,10.08,7.5
10/27/2018,9.44,10.8,0,10.15,4.5
10/26/2018,13.05,10.8,0,10.2,5
10/25/2018,12.25,9,0,10.25,8
10/24/2018,11.75,1,0,10.32,6
10/23/2018,8.1,0.4,0,10.37,4
10/22/2018,7.35,0,0,10.43,3
10/21/2018,9,0,0,10.48,3.5
10/20/2018,8.25,0,0,10.55,4.5
10/19/2018,9.65,0,0,10.6,4
10/18/2018,9.69,0,0,10.65,4
10/17/2018,9.2,0,0,10.72,3
10/16/2018,8.95,0,0,10.77,1
10/15/2018,8.3,0,0,10.83,2
10/14/2018,8.15,0,0,10.88,1.5
10/13/2018,9.05,0,0,10.95,1
10/12/2018,9.94,0,0,11.02,4
10/11/2018,9.44,0,0,11.07,4.5
10/10/2018,10.19,0,0,11.13,4.5
10/9/2018,10.19,0,0,11.18,4.5
10/8/2018,11.05,2.2,0,11.27,8
10/7/2018,11,6.2,0,11.32,8
10/6/2018,10.6,0,0,11.38,4
10/5/2018,9.8,1.2,0,11.43,4
10/4/2018,7.45,0,0,11.5,3
10/3/2018,6,0,0,11.55,4
10/2/2018,10.3,0.4,0,11.62,4.5
10/1/2018,15.25,6.4,0,11.67,7.5
9/30/2018,13.2,16.2,0,11.73,8
9/29/2018,12.75,0.8,0,11.78,4.5
9/28/2018,14.8,0,0,11.87,2
9/27/2018,13.05,0,0,11.92,4
9/26/2018,12.2,0,0,11.98,4
9/25/2018,11.45,0,0,12.03,5
9/24/2018,12.35,0,0,12.08,5
9/23/2018,12.6,0.2,0,12.15,5
9/22/2018,15.6,15.8,0,12.2,7
9/21/2018,13.95,23.8,0,12.28,7.5
9/20/2018,12.95,8.8,0,12.33,7.5
9/19/2018,13.6,1,0,12.4,5
9/18/2018,11.55,0,0,12.45,4.5
9/17/2018,13.55,0.4,0,12.52,4.5
9/16/2018,14.35,16.6,0,12.57,6.5
9/15/2018,14.5,7.6,0,12.63,6.5
9/14/2018,15.25,0.2,0,12.7,7
9/13/2018,15.15,0,0,12.75,7
9/12/2018,15.5,0,0,12.82,5.5
9/11/2018,15.7,1.6,0,12.87,7
9/10/2018,14.75,7,0,12.93,5
9/9/2018,15.15,7.2,0,13,5.5
9/8/2018,16.6,3,0,13.07,5.5
9/7/2018,17.04,0.8,0,13.12,5
9/6/2018,19.45,0,0,13.17,4
9/5/2018,15.7,0,0,13.23,3.5
9/4/2018,15,0,0,13.28,3
9/3/2018,15.9,0,0,13.35,4
9/2/2018,16.04,0,0,13.4,4
9/1/2018,15.95,0,0,13.47,4.5
8/31/2018,17.2,0,0,13.52,4.5
8/30/2018,17.85,0,0,13.6,4.5
8/29/2018,18.14,0.8,0,13.65,5.5
8/28/2018,16.39,0,0,13.7,4
8/27/2018,15.75,0,0,13.77,4
8/26/2018,16.35,0.8,0,13.82,4.5
8/25/2018,14.5,7.8,0,13.88,6.5
8/24/2018,16,0,0,13.93,5
8/23/2018,17,0,0,14,5
8/22/2018,17.75,0,0,14.05,1.5
8/21/2018,19.7,0,0,14.08,0.5
8/20/2018,18.25,0,0,14.15,2
8/19/2018,16.7,0,0,14.2,4.5
8/18/2018,16.6,0,0,14.27,4
8/17/2018,16.7,0,0,14.32,3
8/16/2018,18.35,0,0,14.38,3
8/15/2018,19.35,0,0,14.43,2.5
8/14/2018,18.85,0,0,14.48,3
8/13/2018,17.45,0,0,14.53,4
8/12/2018,18.29,0.6,0,14.58,4.5
8/11/2018,19.35,6.2,0,14.65,4
8/10/2018,22.65,0,0,14.7,3
8/9/2018,22.5,0,0,14.75,2.5
8/8/2018,22.65,0,0,14.8,3
8/7/2018,20.95,0,0,14.85,1
8/6/2018,20.65,0,0,14.9,2
8/5/2018,20.39,0,0,14.95,4
8/4/2018,18.2,0,0,15,4
8/3/2018,19.14,0,0,15.05,4.5
8/2/2018,18.14,0,0,15.1,4
8/1/2018,18.8,0,0,15.15,4
7/31/2018,21,0,0,15.2,3
7/30/2018,22.5,0,0,15.23,1.5
7/29/2018,21.65,0,0,15.3,3
7/28/2018,20.7,0,0,15.33,4
7/27/2018,20.75,0,0,15.37,4.5
7/26/2018,21,0,0,15.43,2.5
7/25/2018,21.2,0,0,15.47,3
7/24/2018,19.89,0,0,15.5,3.5
7/23/2018,19.95,0,0,15.53,1
7/22/2018,18.3,0,0,15.58,0.5
7/21/2018,16.89,0,0,15.63,4
7/20/2018,16.39,0,0,15.67,4.5
7/19/2018,17.39,0,0,15.7,4.5
7/18/2018,19.14,0,0,15.73,4
7/17/2018,21.9,0,0,15.77,1.5
7/16/2018,20.39,0,0,15.82,0.5
7/15/2018,19.35,0,0,15.85,1
7/14/2018,19.2,0,0,15.87,0.5
7/13/2018,19.75,0,0,15.9,1
7/12/2018,19.05,0,0,15.93,0.5
7/11/2018,17.6,0,0,15.97,2.5
7/10/2018,17.6,0,0,15.98,5.5
7/9/2018,17.8,0.2,0,16.02,4.5
7/8/2018,17.14,0,0,16.03,4
7/7/2018,18.75,4.2,0,16.05,4
7/6/2018,20.05,,,16.08,5
7/5/2018,20.45,0,0,16.1,5.5
7/4/2018,17.7,0,0,16.13,4
7/3/2018,14.8,0,0,16.13,2
7/2/2018,16.39,0,0,16.15,4
7/1/2018,17.25,1,0,16.18,5
6/30/2018,16.05,1.4,0,16.18,5
6/29/2018,15.65,2,0,16.2,4.5
6/28/2018,17.04,0,0,16.2,8
6/27/2018,15.95,0,0,16.22,6.5
6/26/2018,16.7,0,0,16.22,4.5
6/25/2018,16,2.6,0,16.23,5
6/24/2018,17.79,8,0,16.23,4.5
6/23/2018,17.25,0,0,16.25,4
6/22/2018,16.39,0,0,16.25,4.5
6/21/2018,18,0,0,16.25,4
6/20/2018,20.55,0,0,16.23,6
6/19/2018,19.95,0,0,16.23,4
6/18/2018,20.55,0,0,16.23,2
6/17/2018,17.7,0,0,16.23,4
6/16/2018,18.3,0,0,16.23,4
6/15/2018,16.39,0,0,16.22,5
6/14/2018,16.25,0,0,16.2,6.5
6/13/2018,14.65,10.8,0,16.18,7
6/12/2018,12.75,0.6,0,16.18,4.5
6/11/2018,13.6,0,0,16.17,4.5
6/10/2018,13.2,0,0,16.17,5
6/9/2018,12.5,0.2,0,16.13,5
6/8/2018,13.3,12.2,0,16.12,8
6/7/2018,14.3,0,0,16.1,5.5
6/6/2018,14.7,0,0,16.08,5
6/5/2018,13.85,0.2,0,16.07,7
6/4/2018,13.95,0,0,16.03,4
6/3/2018,13.7,0.4,0,16,5.5
6/2/2018,16.5,0,0,15.98,5.5
6/1/2018,13.85,0.4,0,15.95,6
5/31/2018,14.45,0,0,15.92,4.5
5/30/2018,13.75,0,0,15.9,4.5
5/29/2018,14.4,0,0,15.87,5
5/28/2018,16.14,0,0,15.83,4
5/27/2018,16.5,0,0,15.8,4
5/26/2018,14.85,0,0,15.75,5
5/25/2018,14.95,0,0,15.72,4.5
5/24/2018,16.5,0,0,15.68,5
5/23/2018,16.25,0,0,15.65,4
5/22/2018,14.75,0,0,15.62,2
5/21/2018,15.64,0,0,15.57,4
5/20/2018,16.35,0,0,15.53,4.5
5/19/2018,16.1,0.2,0,15.5,6.5
5/18/2018,15.9,0,0,15.43,5
5/17/2018,15,0,0,15.4,4.5
5/16/2018,15.85,0,0,15.37,4
5/15/2018,17.64,0,0,15.32,1
5/14/2018,18.05,0,0,15.27,3
5/13/2018,17.1,0,0,15.23,4
5/12/2018,13.2,0,0,15.17,3.5
5/11/2018,13,0,0,15.13,3.5
5/10/2018,12.1,0,0,15.07,4
5/9/2018,15.15,1,0,15.03,6.5
5/8/2018,13.5,0,0,14.97,4
5/7/2018,15.45,0,0,14.93,4
5/6/2018,15.39,0.4,0,14.87,4.5
5/5/2018,11.89,0,0,14.83,4
5/4/2018,12.1,0,0,14.78,4.5
5/3/2018,15.05,0,0,14.72,6
5/2/2018,11.64,0,0,14.68,3.5
5/1/2018,10.65,0,0,14.62,4
4/30/2018,11.85,0,0,14.57,6.5
4/29/2018,10.89,3.4,0,14.5,7.5
4/28/2018,11.2,6,0,14.47,7.5
4/27/2018,12.55,0,0,14.4,4
4/26/2018,11.55,0,0,14.35,0.5
4/25/2018,12.05,0,0,14.28,2.5
4/24/2018,9.69,0,0,14.22,4
4/23/2018,9.5,0,0,14.18,2
4/22/2018,7.7,0,0,14.12,3
4/21/2018,10.19,1.6,0,14.07,4
4/20/2018,10.75,3.8,0,14,8
4/19/2018,7.2,0,0,13.95,4.5
4/18/2018,8.1,0,0,13.88,4
4/17/2018,9.19,2.2,0,13.83,6
4/16/2018,7.95,16.4,0,13.77,8
4/15/2018,8.1,2.6,0,13.72,7
4/14/2018,9,0.6,0,13.65,4
4/13/2018,8.25,20.2,0,13.6,4.5
4/12/2018,7.65,0.6,0,13.53,5
4/11/2018,8,10.4,0,13.48,7
4/10/2018,9.4,3.8,0,13.42,5
4/9/2018,10.19,0.4,0,13.37,7
4/8/2018,10.05,4.4,0,13.3,7.5
4/7/2018,10.7,25.6,0,13.25,4.5
4/6/2018,11.7,2,0,13.18,6.5
4/5/2018,8.15,24,0,13.12,8
4/4/2018,6.6,6.4,0,13.05,7.5
4/3/2018,6.9,0,0,13,7
4/2/2018,4.85,0,0,12.93,5
4/1/2018,6.8,0.4,0,12.88,5.5
3/31/2018,6.55,0,0,12.82,4
3/30/2018,10.14,0.8,0,12.77,4
3/29/2018,7.25,5.8,0,12.7,8
3/28/2018,8.1,0,0,12.63,7
3/27/2018,10.4,8.8,0,12.57,7
3/26/2018,6.6,26.6,0,12.5,8
3/25/2018,4.95,0.2,0,12.45,4.5
3/24/2018,5.55,5.4,0,12.38,4.5
3/23/2018,5.7,0.2,0,12.33,6.5
3/22/2018,6.05,23.6,0,12.27,6.5
3/21/2018,6.35,0.8,0,12.22,6.5
3/20/2018,7.55,0,0,12.15,7
3/19/2018,6.6,0,0,12.08,5.5
3/18/2018,6.15,0.6,0,12.02,4.5
3/17/2018,6.05,0,0,11.97,3.5
3/16/2018,5.5,0,0,11.9,4
3/15/2018,5.35,0,0,11.83,4
3/14/2018,8.75,1.2,0,11.78,5.5
3/13/2018,7.65,9.2,0,11.72,7
3/12/2018,6.95,0,0,11.67,4
3/11/2018,4.84,0,0,11.58,2
3/10/2018,3.45,0,0,11.53,2
3/9/2018,6.25,0.2,0,11.47,4.5
3/8/2018,6.15,16.8,0,11.42,7
3/7/2018,2.6,0,0,11.35,4
3/6/2018,4.55,0,0,11.28,4
3/5/2018,4.15,0,0,11.23,6
3/4/2018,4,0.2,0,11.17,5.5
3/3/2018,4.45,2.6,0,11.12,4.5
3/2/2018,2.29,6.8,0,11.05,7.5
3/1/2018,5.45,2,0,10.98,5
2/28/2018,4,11.8,0,10.93,8
2/27/2018,5,0.2,0,10.87,7.5
2/26/2018,1.6,0,0,10.82,4.5
2/25/2018,4.3,0,0,10.75,4.5
2/24/2018,1.1,0,6.2,10.68,4.5
2/23/2018,-1.9,0,11,10.63,5
2/22/2018,-2.65,0,0,10.57,2.5
2/21/2018,-3.34,,2.4,10.5,4
2/20/2018,-1.04,0,0,10.47,4
2/19/2018,-2.95,0,0,10.4,4
2/18/2018,1,3.6,5,10.35,4
2/17/2018,5.2,18,1,10.28,6.5
2/16/2018,5.7,5.2,0,10.22,6
2/15/2018,2.04,0,0,10.17,4
2/14/2018,3.4,6.2,0,10.12,4.5
2/13/2018,1.75,0.4,0.2,10.05,4
2/12/2018,0.59,0,0,10,3.5
2/11/2018,3.8,0,0,9.95,4
2/10/2018,1.7,0,0,9.88,4
2/9/2018,4.75,0.2,0,9.83,4
2/8/2018,7.8,0,0,9.78,5
2/7/2018,8.25,2,0,9.72,8
2/6/2018,6.45,1.4,0,9.67,8
2/5/2018,6.85,0.6,0,9.62,6
2/4/2018,9.85,10.4,0,9.55,5.5
2/3/2018,8,5,0,9.52,7.5
2/2/2018,7.6,11.6,0,9.45,8
2/1/2018,4.9,11.2,0,9.4,8
1/31/2018,3.2,7.4,0,9.37,5.5
1/30/2018,5.3,1.6,0,9.3,5.5
1/29/2018,7.35,35.2,0,9.25,5.5
1/28/2018,6.44,15,0,9.22,8
1/27/2018,4.25,16.2,0,9.17,7.5
1/26/2018,4.14,3.8,0,9.1,6
1/25/2018,4.3,11,0,9.07,6
1/24/2018,7.3,13.2,0,9.02,6
1/23/2018,5.19,10.6,0,8.98,8
1/22/2018,6.25,3.4,0,8.93,6.5
1/21/2018,7.65,2.2,0,8.9,7
1/20/2018,6.4,6.6,0,8.85,6
1/19/2018,6.65,7.8,0,8.82,8
1/18/2018,8.15,2,0,8.77,6
1/17/2018,9.35,11.4,0,8.73,8
1/16/2018,9.6,3.8,0,8.68,7
1/15/2018,4.75,0,0,8.67,4
1/14/2018,3.3,0,0,8.62,3
1/13/2018,6.1,6.6,0,8.58,4
1/12/2018,3.85,20,0,8.57,8
1/11/2018,4.34,17.6,0,8.52,8
1/10/2018,4.4,0,0,8.5,5.5
1/9/2018,6.3,3.4,0,8.47,7
1/8/2018,6.9,12,0,8.43,8
1/7/2018,5.65,15.8,0,8.4,8
1/6/2018,7.1,1,0,8.38,8
1/5/2018,7.15,21.8,0,8.37,8
1/4/2018,3.55,0,0,8.35,5
1/3/2018,1.2,0,0,8.32,5
1/2/2018,-0.14,0,0,8.3,7
1/1/2018,-0.75,0,0,8.28,5
12/31/2017,-0.05,0,0,8.27,4
12/30/2017,1.25,2.2,0,8.25,4.5
12/29/2017,2.8,27.6,0,8.23,8
12/28/2017,3.4,20.8,0,8.23,8
12/27/2017,0,3,0.2,8.22,6.5
12/26/2017,-0.35,0,0,8.22,7.5
12/25/2017,-0.25,0,0,8.2,8
12/24/2017,-2,0,0,8.2,7
12/23/2017,-1.5,0,0,8.2,3
12/22/2017,1.45,0,0,8.18,4
12/21/2017,-0.2,0,0,8.18,5
12/20/2017,1.65,0,0,8.18,3.5
12/19/2017,2.75,42.6,1,8.2,7.5
12/18/2017,6.15,3,0,8.2,8
12/17/2017,6,40.6,0,8.2,8
12/16/2017,4.05,5.8,0,8.22,7
12/15/2017,4.15,0.8,0,8.23,5.5
12/14/2017,3,0,0,8.23,4.5
12/13/2017,4.35,0,0,8.23,4
12/12/2017,4.75,0,0,8.25,6
12/11/2017,3.8,0,0,8.27,4
12/10/2017,4.09,0,0,8.28,4.5
12/9/2017,1.85,0,0,8.3,4
12/8/2017,1.85,0,0,8.33,4
12/7/2017,2.85,0,0,8.35,4.5
12/6/2017,2.15,0,0,8.38,4
12/5/2017,2.54,0,0,8.4,4
12/4/2017,3.45,0,0,8.43,5.5
12/3/2017,3.55,0,0,8.45,5
12/2/2017,5.25,5.2,0,8.48,6
12/1/2017,5.7,17.2,0,8.52,7
11/30/2017,6.75,10.4,0,8.55,8
11/29/2017,4.75,3.2,0,8.57,5.5
11/28/2017,5.85,12.6,0,8.62,5.5
11/27/2017,6.05,0.4,0,8.65,5.5
11/26/2017,9.19,9.8,0,8.67,5
11/25/2017,9.4,1.4,0,8.72,8
11/24/2017,8.6,1.6,0,8.75,7.5
11/23/2017,11.55,0.8,0,8.8,5.5
11/22/2017,13.7,16.6,0,8.83,7.5
11/21/2017,7.65,24.2,0,8.88,5.5
11/20/2017,6.35,4.4,0,8.92,4.5
11/19/2017,6.69,28,0,8.97,8
11/18/2017,7.9,4,0,9,7.5
11/17/2017,6,0.6,0,9.05,5.5
11/16/2017,6.35,5,0,9.08,7
11/15/2017,8.75,12.4,0,9.13,6
11/14/2017,8.65,5.2,0,9.2,7.5
11/13/2017,9.5,8.2,0,9.23,7
11/12/2017,8.8,14,0,9.28,7.5
11/11/2017,7.44,7.2,0,9.32,7.5
11/10/2017,8.55,,,9.38,5
11/9/2017,7.7,3.6,0,9.43,7.5
11/8/2017,6.25,0,0,9.48,8
11/7/2017,3.55,,,9.53,7
11/6/2017,1.1,0,0,9.58,4.5
11/5/2017,3.15,0,0,9.63,4.5
11/4/2017,0,0,0,9.7,6.5
11/3/2017,1.5,0.4,0,9.73,5
11/2/2017,5.6,20.8,0,9.8,6
11/1/2017,7.3,0,0,9.87,5
10/31/2017,5.85,0,0,9.9,5
10/30/2017,6.9,0,0,9.97,2
10/29/2017,8.69,0,0,10.02,3.5
10/28/2017,9.1,0,0,10.07,1
10/27/2017,8.75,0,0,10.13,2
10/26/2017,10,0,0,10.18,4
10/25/2017,9.94,,,10.25,5
10/24/2017,9.39,0,0,10.3,3
10/23/2017,10.25,0,0,10.35,6
10/22/2017,12.15,3.8,0,10.42,5
10/21/2017,8.3,8.2,0,10.47,8
10/20/2017,9.4,9.4,0,10.53,6
10/19/2017,10.64,10,0,10.58,7.5
10/18/2017,10.1,33.4,0,10.65,7.5
10/17/2017,11.25,2.2,0,10.7,5
10/16/2017,11.05,8.2,0,10.77,8
10/15/2017,11.14,0,0,10.83,5
10/14/2017,7.8,0.2,0,10.88,5.5
10/13/2017,8,1,0,10.95,4
10/12/2017,7.85,31.4,0,11,7.5
10/11/2017,10,2.2,0,11.07,5
10/10/2017,9.4,3.1,0,11.12,5
10/9/2017,10.35,0,0,11.18,5.5
10/8/2017,9.04,0,0,11.23,4
10/7/2017,12.5,0,0,11.3,5
10/6/2017,10.5,1.2,0,11.35,5
10/5/2017,10.85,0,0,11.42,2
10/4/2017,10,0,0,11.47,4
10/3/2017,10.45,0,0,11.53,1.5
10/2/2017,11.35,0,0,11.6,4
10/1/2017,11.5,0,0,11.67,5
9/30/2017,12.85,4.3,0,11.72,5.5
9/29/2017,14.85,3.6,0,11.78,4
9/28/2017,16,0,0,11.83,0.5
9/27/2017,13.9,0,0,11.9,1
9/26/2017,14.75,0,0,11.95,4
9/25/2017,14.75,1.4,0,12.03,6
9/24/2017,14.05,0,0,12.08,4
9/23/2017,14.35,0,0,12.15,5
9/22/2017,12,0,0,12.2,4.5
9/21/2017,12.5,0,0,12.25,6
9/20/2017,11.8,1.2,0,12.32,5.5
9/19/2017,12.2,5.2,0,12.37,5.5
9/18/2017,13.39,2.5,0,12.45,5.5
9/17/2017,13.75,2.4,0,12.5,4.5
9/16/2017,16.14,0,0,12.57,5.5
9/15/2017,14.35,0,0,12.62,3.5
9/14/2017,14.2,0,0,12.68,0.5
9/13/2017,15.35,0,0,12.73,4
9/12/2017,17.39,0,0,12.8,5.5
9/11/2017,17.79,0,0,12.87,4
9/10/2017,16.5,0,0,12.92,4
9/9/2017,15.1,5.4,0,12.98,6
9/8/2017,18.1,3.4,0,13.03,7
9/7/2017,19.5,0,0,13.1,5
9/6/2017,22.15,0,0,13.15,7.5
9/5/2017,22.1,0,0,13.23,7.5
9/4/2017,20.55,0,0,13.28,3.5
9/3/2017,21.05,0,0,13.33,1.5
9/2/2017,19.35,0,0,13.4,2.5
9/1/2017,18.2,0,0,13.45,2
8/31/2017,17.45,0,0,13.52,4
8/30/2017,19,0,0,13.57,4
8/29/2017,22.45,0,0,13.63,1
8/28/2017,19.85,0,0,13.68,1
8/27/2017,18.75,0,0,13.73,2.5
8/26/2017,17.25,0,0,13.8,1
8/25/2017,16.75,0,0,13.85,4
8/24/2017,17.35,0,0,13.92,5
8/23/2017,19.64,0,0,13.97,4.5
8/22/2017,21.05,0,0,14.03,3.5
8/21/2017,17.35,0,0,14.08,2
8/20/2017,17.75,0,0,14.15,3.5
8/19/2017,17.14,0,0,14.2,3.5
8/18/2017,18.45,0,0,14.25,4
8/17/2017,18.89,0,0,14.32,4
8/16/2017,18.64,0,0,14.37,4
8/15/2017,17.35,0,0,14.42,3.5
8/14/2017,16.75,0,0,14.47,5.5
8/13/2017,17.85,4.8,0,14.53,6
8/12/2017,17.8,0.2,0,14.58,6.5
8/11/2017,20.1,0,0,14.63,6.5
8/10/2017,21,0,0,14.68,7.5
8/9/2017,19.64,0,0,14.73,8
8/8/2017,19.35,0,0,14.8,8
8/7/2017,18.7,0,0,14.83,7.5
8/6/2017,18.35,0,0,14.88,7
8/5/2017,19.45,0,0,14.95,8
8/4/2017,18.3,0,0,14.98,8
8/3/2017,20.5,0,0,15.05,7
8/2/2017,19.85,0,0,15.08,7
8/1/2017,19.85,0,0,15.13,4.5
7/31/2017,18.7,0,0,15.18,3
7/30/2017,19.5,0,0,15.23,2.5
7/29/2017,19.25,0,0,15.27,2
7/28/2017,17,0,0,15.33,3
7/27/2017,18.39,0,0,15.37,4
7/26/2017,19.5,0,0,15.4,4
7/25/2017,19.5,0,0,15.47,1.5
7/24/2017,18.89,0,0,15.5,3.5
7/23/2017,18.95,0,0,15.53,4
7/22/2017,18.64,1.4,0,15.57,7
7/21/2017,17.25,0.2,0,15.6,4.5
7/20/2017,19.6,0.2,0,15.65,4.5
7/19/2017,18.79,0,0,15.7,4.5
7/18/2017,17.75,0,0,15.73,1.5
7/17/2017,16.55,0,0,15.77,4
7/16/2017,18,0,0,15.78,4
7/15/2017,18.6,0,0,15.82,4
7/14/2017,17.64,0,0,15.85,3.5
7/13/2017,18.89,0,0,15.88,4
7/12/2017,18.45,0,0,15.93,4.5
7/11/2017,17.04,0,0,15.95,3.5
7/10/2017,18.2,0,0,15.97,4
7/9/2017,19.5,0,0,16,4.5
7/8/2017,17.35,0,0,16.03,4.5
7/7/2017,18.39,0,0,16.05,3
7/6/2017,19.1,0,0,16.08,0
7/5/2017,18.1,0,0,16.1,1
7/4/2017,16.5,0,0,16.13,4.5
7/3/2017,17,0,0,16.13,4
7/2/2017,18.35,0,0,16.15,2.5
7/1/2017,17.35,0,0,16.18,2.5
6/30/2017,18.6,0,0,16.18,4
6/29/2017,16.89,0,0,16.2,1.5
6/28/2017,16.45,0,0,16.2,3.5
6/27/2017,16.2,0,0,16.22,3.5
6/26/2017,18.75,0,0,16.22,4.5
6/25/2017,19.64,0,0,16.23,4
6/24/2017,18.25,0,0,16.23,0.5
6/23/2017,16.05,0,0,16.23,0.5
6/22/2017,14.8,0,0,16.25,0.5
6/21/2017,15.05,0,0,16.25,3
6/20/2017,16.54,0.2,0,16.25,4.5
6/19/2017,15.2,0,0,16.23,5.5
6/18/2017,13.7,3.8,0,16.23,7
6/17/2017,14.14,0.4,0,16.25,6.5
6/16/2017,15.7,0,0,16.23,4.5
6/15/2017,13.05,15.2,0,16.23,7.5
6/14/2017,13.15,0,0,16.2,6
6/13/2017,14,0,0,16.2,5.5
6/12/2017,16.85,0,0,16.18,6
6/11/2017,14.05,0,0,16.17,5
6/10/2017,13.7,0,0,16.17,4
6/9/2017,13.05,0,0,16.13,4
6/8/2017,14.6,24.4,0,16.12,7
6/7/2017,18.25,0,0,16.12,5.5
6/6/2017,17.75,0,0,16.08,4.5
6/5/2017,13.55,0,0,16.07,4
6/4/2017,13.75,0,0,16.03,3.5
6/3/2017,14.75,0,0,16.02,4.5
6/2/2017,15.75,1.2,0,15.98,6
6/1/2017,15.3,1.2,0,15.95,7.5
5/31/2017,14.75,1.2,0,15.93,7.5
5/30/2017,13.75,8.2,0,15.9,7
5/29/2017,17.6,0,0,15.87,3.5
5/28/2017,18.39,0,0,15.83,1.5
5/27/2017,15.95,0,0,15.8,3
5/26/2017,14.5,0,0,15.77,2
5/25/2017,12.7,0,0,15.73,3.5
5/24/2017,13.4,0,0,15.7,4
5/23/2017,16.2,0,0,15.67,3
5/22/2017,15.8,0,0,15.62,4
5/21/2017,14.1,0,0,15.58,4
5/20/2017,13.25,0,0,15.53,3.5
5/19/2017,14.2,0,0,15.5,5
5/18/2017,13.85,0,0,15.47,4.5
5/17/2017,12.55,0,0,15.42,7.5
5/16/2017,9.55,14.8,0,15.37,5
5/15/2017,8.75,17.2,0,15.33,7
5/14/2017,11.05,2.8,0,15.28,5
5/13/2017,9.85,0.2,0,15.23,6.5
5/12/2017,10.5,6.6,0,15.18,5.5
5/11/2017,11.35,19.8,0,15.13,7.5
5/10/2017,13.64,0.2,0,15.1,7.5
5/9/2017,10.45,0,0,15.03,4
5/8/2017,11.8,0,0,15,4
5/7/2017,8.85,0,0,14.93,3.5
5/6/2017,10.8,0,0,14.9,3.5
5/5/2017,13.1,0.8,0,14.83,4.5
5/4/2017,14.45,0.2,0,14.78,5
5/3/2017,13.2,28.2,0,14.73,4
5/2/2017,9.1,0.6,0,14.68,5
5/1/2017,8.94,1.4,0,14.62,5
4/30/2017,9.9,0,0,14.58,3.5
4/29/2017,8.94,6.2,0,14.52,6
4/28/2017,9.6,0,0,14.47,4
4/27/2017,10.45,0,0,14.4,5
4/26/2017,11.45,2.8,0,14.37,6.5
4/25/2017,11.1,1.4,0,14.3,6
4/24/2017,10.25,5,0,14.25,4.5
4/23/2017,11.2,,,14.18,8
4/22/2017,10.55,5.8,0,14.13,6
4/21/2017,10.3,0,0,14.07,4
4/20/2017,10.85,3.6,0,14.02,4.5
4/19/2017,10.15,0.8,0,13.95,6.5
4/18/2017,11.7,5.2,0,13.9,6.5
4/17/2017,11.3,5.4,0,13.83,7.5
4/16/2017,7.9,0,0,13.78,4
4/15/2017,9.69,2,0,13.72,4
4/14/2017,9.3,3.2,0,13.67,5
4/13/2017,9.35,17.4,0,13.6,7.5
4/12/2017,10.25,12,0,13.55,7
4/11/2017,7.5,0,0,13.48,5
4/10/2017,8.65,5,0,13.43,7
4/9/2017,7.85,0,0,13.37,6
4/8/2017,7.1,9.8,0,13.32,7
4/7/2017,9.3,11.4,0,13.25,7.5
4/6/2017,10.25,5.2,0,13.2,6.5
4/5/2017,9.64,13.4,0,13.13,7.5
4/4/2017,9.25,7.2,0,13.08,8
4/3/2017,6,0,0,13.02,4
4/2/2017,8.15,0,0,12.95,2
4/1/2017,8.6,11.2,0,12.9,4.5
3/31/2017,7.85,0.8,0,12.82,4.5
3/30/2017,8.94,0.2,0,12.77,4
3/29/2017,9.65,24.8,0,12.7,6
3/28/2017,8,29.6,0,12.65,8
3/27/2017,9,7.2,0,12.58,7.5
3/26/2017,7.75,15,0,12.53,7
3/25/2017,8.6,1,0,12.47,7
3/24/2017,8.19,6.6,0,12.42,7
3/23/2017,8.19,4.6,0,12.33,7
3/22/2017,9.25,2.6,0,12.28,5.5
3/21/2017,8.89,5.8,0,12.22,7.5
3/20/2017,3.64,0,0,12.17,4
3/19/2017,5.25,0,0,12.1,4
3/18/2017,6.5,10.2,0,12.03,4.5
3/17/2017,6.05,10.2,0,11.98,7.5
3/16/2017,7.1,2,0,11.92,5.5
3/15/2017,9.1,4.2,0,11.85,8
3/14/2017,11,9.8,0,11.78,7
3/13/2017,8.65,10.8,0,11.73,8
3/12/2017,8.14,4.2,0,11.67,7
3/11/2017,6.8,9.4,0,11.62,7.5
3/10/2017,6.15,4,0,11.55,6.5
3/9/2017,2.9,8.2,0,11.5,8
3/8/2017,3.95,2.2,0,11.43,5
3/7/2017,2.65,7.6,2.6,11.37,5
3/6/2017,3.3,1,0,11.32,5
3/5/2017,2.25,4.8,3,11.25,5
3/4/2017,3.8,0,0,11.2,6
3/3/2017,6.25,7.4,0,11.12,6
3/2/2017,5.95,4.4,0,11.05,8
3/1/2017,5.5,0.8,0,11,7
2/28/2017,2,0.4,0.6,10.93,6
2/27/2017,0.85,0,0,10.88,5
2/26/2017,3.55,4,0,10.83,4.5
